code,name,latitude,longitude,year
10,Métro Angrignon (Lamont /  des Trinitaires),45.446909999999995,-73.60363000000002,2021
13,Métro de l'Église (Ross / de l'Église),45.462726,-73.56595899999998,2021
17,Tolhurst / Fleury,45.544149,-73.66752,2021
21,St-Christophe / Cherrier,45.52029,-73.568119,2021
31,Lespérance / de Rouen,45.538839,-73.552779,2021
38,Métro Vendôme (de Marlowe / de Maisonneuve),45.473867999999996,-73.604538,2021
43,Métro Université de Montréal (Édouard-Montpetit / Louis-Collin),45.50367,-73.61848,2021
47,Métro Guy-Concordia (Guy / St-Catherine),45.49504500000001,-73.57783,2021
65,Bel Air / St-Antoine,45.482778,-73.584621,2021
75,St-Joseph / 8e avenue Lachine,45.43155,-73.67112,2021
76,St-Joseph / 34e avenue Lachine,45.433251,-73.693962,2021
78,8e avenue / Notre-Dame Lachine,45.434898,-73.670819,2021
79,Victoria / 18e avenue Lachine,45.435996,-73.680111,2021
86,Parc Pratt (Dunlop / Van Horne),45.515007000000004,-73.619788,2021
92,Métro Rosemont (de St-Vallier / Rosemont),45.531783000000004,-73.59779300000002,2021
99,7e avenue / St-Joseph Rosemont,45.547108,-73.569367,2021
100,16e avenue / St-Joseph,45.55287,-73.56563100000002,2021
111,Hutchison / Sherbrooke,45.507717,-73.57167,2021
122,Lajeunesse / Jarry,45.543771,-73.628509,2021
125,Cité des Arts du Cirque (Paul Boutet / des Regrattiers),45.559872,-73.61554100000002,2021
135,St-Alexandre / Ste-Catherine,45.50535900000001,-73.567741,2021
137,Jeanne-d'Arc / Ontario,45.549597999999996,-73.54187399999998,2021
138,de la Salle / Ste-Catherine,45.549963,-73.53443399999998,2021
139,d'Orléans / Hochelaga,45.550768,-73.54942700000002,2021
140,Bennett / Ste-Catherine,45.55305300000001,-73.532427,2021
141,Marché Maisonneuve,45.553219,-73.53978199999997,2021
142,Ontario / Sicard,45.556262,-73.537441,2021
143,de Ville-Marie / Ste-Catherine,45.557921,-73.529147,2021
144,Ontario / Viau,45.559482,-73.535496,2021
145,Gauthier / Papineau,45.529666,-73.567336,2021
146,Gauthier / de Lorimier,45.531674,-73.565413,2021
147,Gauthier / Parthenais,45.532926,-73.56378000000002,2021
148,de Bordeaux / Marie-Anne,45.533409000000006,-73.570657,2021
149,des Érables / Rachel,45.533547,-73.566867,2021
150,Fullum / Sherbrooke,45.533924,-73.562425,2021
151,Chapleau / Terrasse Mercure,45.536738,-73.565167,2021
152,Bercy / Rachel,45.538403,-73.561964,2021
153,Ste-Catherine / Dezery,45.539384999999996,-73.541,2021
154,Dézéry / Ontario,45.541109999999996,-73.54755,2021
155,Métro Préfontaine (Moreau / Hochelaga),45.541779999999996,-73.555714,2021
156,Valois / Ste-Catherine,45.54523,-73.53725,2021
157,St-Germain / Hochelaga,45.543699,-73.553673,2021
158,Aylwin / Ontario,45.54428400000001,-73.54534,2021
159,Métro Joliette  (Joliette / Hochelaga),45.546907,-73.55155699999997,2021
160,Valois / Ontario,45.547405,-73.544674,2021
161,Nicolet / Sherbrooke,45.549695,-73.554647,2021
162,Métro Assomption (Chauveau / de l'Assomption),45.569789,-73.54808100000002,2021
164,Métro Cadillac (de Cadillac / Sherbrooke),45.576963,-73.546836,2021
165,Pierre-de-Coubertin / Langelier,45.580315,-73.535314,2021
166,Métro Langelier (Langelier / Sherbrooke),45.582846999999994,-73.54247600000002,2021
167,Boyer / du Mont-Royal,45.527432,-73.57991700000002,2021
168,Calixa-Lavallée / Rachel,45.52779500000001,-73.571939,2021
169,de Brébeuf / du Mont-Royal,45.529408000000004,-73.578154,2021
170,de Lanaudière / Marie-Anne,45.529326,-73.57480600000002,2021
171,Marquette / Rachel,45.529802000000004,-73.57029,2021
172,Garnier / du Mont-Royal,45.53092,-73.57674,2021
173,Marquette / du Mont-Royal,45.53229,-73.57544,2021
174,Cartier / Marie-Anne,45.532674,-73.571776,2021
175,Chabot / du Mont-Royal,45.534185,-73.573589,2021
176,Cartier / St-Joseph,45.535828,-73.57869000000002,2021
177,de Bordeaux / Gilford,45.53611,-73.576287,2021
179,Messier / du Mont-Royal,45.537114,-73.571003,2021
180,Laurier / de Bordeaux,45.537205,-73.579254,2021
181,Cartier / Masson,45.538021,-73.583524,2021
182,Chapleau / du Mont-Royal,45.53867,-73.56936,2021
183,de Bordeaux / Masson,45.538984,-73.58244499999998,2021
184,Fullum / Gilford,45.539224,-73.573837,2021
185,Parc des Rapides (LaSalle / 6e avenue),45.429471,-73.593099,2021
186,LaSalle / Crawford,45.437914,-73.58274,2021
187,Natatorium (LaSalle / Rolland),45.444547,-73.575091,2021
188,Bibliothèque de Verdun (Brown / Bannantyne),45.448262,-73.57785600000003,2021
189,Beatty / de Verdun,45.45073,-73.572575,2021
190,Métro Monk (Allard / Beaulieu),45.450851,-73.594027,2021
191,Argyle / Bannantyne,45.453319,-73.576775,2021
192,Argyle / de Verdun,45.453016,-73.571915,2021
193,Hamilton / Jolicoeur,45.456355,-73.597557,2021
194,5e avenue / Bannantyne,45.45636500000001,-73.57614000000002,2021
196,4e avenue / de Verdun,45.456885,-73.57260699999998,2021
197,Dubois / Eadie,45.457597,-73.590529,2021
198,2e avenue / Wellington,45.457893,-73.567528,2021
199,Métro Verdun (Willibrord / de Verdun),45.459488,-73.572092,2021
200,Gordon / Wellington,45.461078,-73.567307,2021
201,Parc St-Paul (Le Caron / Marc-Sauvalle),45.461684999999996,-73.584039,2021
202,St-Patrick / Briand,45.463397,-73.596436,2021
203,de l'Église / de Verdun,45.463001,-73.571569,2021
204,de l'Église / Bannantyne,45.463254,-73.575879,2021
205,Regina / de Verdun,45.467369,-73.570769,2021
206,Métro Lasalle (de Rushbrooke / Caisse),45.470696000000004,-73.565422,2021
207,Métro Laurier (Rivard / Laurier),45.527615999999995,-73.589115,2021
208,St-Hubert / Laurier,45.529309999999995,-73.588657,2021
209,Hélène-Baillargeon / St-Denis,45.529740000000004,-73.59527,2021
211,de Mentana / Laurier,45.53045,-73.587638,2021
214,Laurier / de Brébeuf,45.532514,-73.584811,2021
215,Garnier / St-Joseph,45.532978,-73.581222,2021
216,de Lanaudière / Laurier,45.533314000000004,-73.583737,2021
217,Gerry-Boulet / St-Grégoire,45.533735,-73.58930699999998,2021
218,Marquette / Laurier,45.53543,-73.5822,2021
221,Métro Crémazie (Crémazie / Lajeunesse),45.546408,-73.638428,2021
222,Clark / Fleury,45.547581,-73.665234,2021
223,Émile-Journault / de Chateaubriand,45.549833,-73.640633,2021
224,Basile-Routhier / Chabanel,45.549868,-73.647657,2021
225,Métro Sauvé (Berri / Sauvé),45.550692,-73.656367,2021
226,Jacques-Casault / Christophe-Colomb,45.552122999999995,-73.630103,2021
227,Complexe sportif Claude-Robillard,45.553262,-73.638615,2021
228,Fleury / Lajeunesse,45.553579,-73.662083,2021
229,Métro Henri-Bourassa (Henri-Bourassa / Millen),45.556751,-73.667162,2021
230,Chambord / Fleury,45.559828,-73.658325,2021
231,Hamel / Sauvé,45.560762,-73.650561,2021
232,Francis / Fleury,45.563871999999996,-73.655568,2021
233,Marquette / Fleury,45.567352,-73.653787,2021
234,de l'Hôtel-de-Ville / Sherbrooke,45.51456500000001,-73.568407,2021
235,Square St-Louis (du Square St-Louis / Laval),45.516090999999996,-73.57012900000002,2021
236,Parc Jeanne-Mance (du Mont-Royal / du Parc),45.516999999999996,-73.589,2021
237,de l'Esplanade / du Mont-Royal,45.518253,-73.58833800000002,2021
238,Villeneuve / du Parc,45.51829,-73.59235,2021
239,Roy / St-Denis,45.519079999999995,-73.5727,2021
240,Berri / Cherrier,45.519088,-73.569509,2021
241,Laval / Duluth,45.519216,-73.57718,2021
242,du Mont-Royal / Clark,45.51941,-73.58685,2021
243,Laval / Rachel,45.520179,-73.579424,2021
244,Villeneuve / St-Urbain,45.520188,-73.590559,2021
246,Duluth / St-Denis,45.520604,-73.57598399999998,2021
247,Roy / St-André,45.521564,-73.570367,2021
248,de Bullion / du Mont-Royal,45.521751,-73.585268,2021
249,Rivard / Rachel,45.522278,-73.577591,2021
250,Laval / du Mont-Royal,45.522365,-73.58414599999998,2021
251,St-Hubert / Duluth,45.522426,-73.574184,2021
252,Berri / Rachel,45.522719,-73.57720400000002,2021
253,Beaudry / Sherbrooke,45.523035,-73.565395,2021
254,du Parc-La Fontaine / Roy,45.522866,-73.568377,2021
255,Villeneuve / de l'Hôtel-de-Ville,45.523544,-73.58733199999998,2021
256,Métro Mont-Royal (Rivard / du Mont-Royal),45.524673,-73.58255,2021
257,Marie-Anne / St-Hubert,45.524683,-73.578897,2021
258,du Parc-La Fontaine / Duluth,45.524518,-73.571977,2021
259,Calixa-Lavallée / Sherbrooke,45.52479,-73.56545,2021
260,de Mentana / Rachel,45.524963,-73.575559,2021
261,Resther / du Mont-Royal,45.52562800000001,-73.581775,2021
262,de Mentana / Marie-Anne,45.526027,-73.577859,2021
263,Métro Laurier (Berri / St-Joseph),45.527231,-73.586726,2021
264,Pontiac / Gilford,45.527009,-73.585766,2021
265,Émile-Duployé / Sherbrooke,45.527201,-73.564729,2021
266,Marie-Anne / de la Roche,45.527758,-73.576185,2021
267,Gilford / de Brébeuf,45.530815999999994,-73.581626,2021
268,Gilford / de Lanaudière,45.53200800000001,-73.580444,2021
270,St-Hubert / René-Lévesque,45.514334999999996,-73.556464,2021
271,Sanguinet / Ontario,45.514767,-73.56549100000002,2021
273,St-André / Ste-Catherine,45.516427,-73.558112,2021
274,Gare d'autocars de Montréal (Berri / Ontario),45.516897,-73.563949,2021
275,de Maisonneuve / Berri,45.51567,-73.561009,2021
276,Wolfe / René-Lévesque,45.516818,-73.554188,2021
277,St-André / Robin,45.518128000000004,-73.561851,2021
278,St-André / Ontario,45.51889,-73.56353,2021
279,Montcalm / de Maisonneuve,45.519139,-73.557866,2021
280,Plessis / René-Lévesque,45.519373,-73.551958,2021
281,Wolfe / Robin,45.519581,-73.56011600000002,2021
283,Montcalm / Ontario,45.521081,-73.562275,2021
284,Papineau / René-Lévesque,45.52114,-73.54926,2021
285,Alexandre-DeSève / Ste-Catherine,45.521229999999996,-73.553861,2021
286,Logan / de Champlain,45.523194000000004,-73.55584300000002,2021
288,Plessis / Ontario,45.523492,-73.56073,2021
289,Métro Papineau (Cartier / Ste-Catherine),45.52353,-73.55199,2021
290,de Champlain / Ontario,45.525109,-73.56020600000002,2021
292,Jean Langlois / Fullum,45.5265,-73.545753,2021
293,Dorion / Ontario,45.526990999999995,-73.558212,2021
294,Logan / Fullum,45.528366,-73.551171,2021
295,Poupart / Ste-Catherine,45.529002,-73.546199,2021
296,Larivière / de Lorimier,45.529134,-73.559234,2021
297,de Bordeaux / Sherbrooke,45.529971,-73.563053,2021
299,Poupart / Ontario,45.531939,-73.553439,2021
302,Métro Frontenac (Ontario / du Havre),45.533706,-73.55217900000002,2021
303,Hochelaga / Chapleau,45.534453000000006,-73.559652,2021
304,du Havre / de Rouen,45.534563,-73.554787,2021
305,Hogan / Ontario,45.535295,-73.55116,2021
306,Sherbrooke / Frontenac,45.5367,-73.56081,2021
307,Wurtele / de Rouen,45.53762800000001,-73.553394,2021
309,University / Milton,45.506510999999996,-73.576669,2021
310,University / Prince-Arthur,45.507402,-73.57844399999998,2021
311,Milton / Durocher,45.508140999999995,-73.57493000000002,2021
312,Aylmer / Prince-Arthur,45.508567,-73.577698,2021
313,Milton / du Parc,45.509361,-73.573864,2021
314,Hutchison / Prince-Arthur,45.509759,-73.576107,2021
315,Ste-Famille / Sherbrooke,45.510071999999994,-73.570752,2021
316,Prince-Arthur / du Parc,45.51059,-73.57547,2021
317,Métro St-Laurent (de Maisonneuve / St-Laurent),45.510659999999994,-73.56497,2021
318,Hutchison / des Pins,45.510690000000004,-73.57805,2021
321,de l'Hôtel-de-Ville / Ste-Catherine,45.51166,-73.562136,2021
322,Milton / Clark,45.512541,-73.570677,2021
323,Prince-Arthur / St-Urbain,45.512586999999996,-73.573739,2021
324,Sanguinet / Ste-Catherine,45.512797,-73.561463,2021
325,Ste-Famille / des Pins,45.512832,-73.576888,2021
326,Clark / Prince-Arthur,45.513303,-73.57296099999998,2021
327,Sanguinet / de Maisonneuve,45.513405,-73.56259399999998,2021
328,Guilbault / Clark,45.514108,-73.57523,2021
330,Parc Jeanne Mance (monument sir George-Etienne Cartier),45.51484,-73.584779,2021
331,Duluth / de l'Esplanade,45.515091999999996,-73.581142,2021
332,BAnQ (Berri / de Maisonneuve),45.515299,-73.561273,2021
333,Parc de Bullion (de Bullion / Prince-Arthur),45.515603999999996,-73.572135,2021
334,Roy / St-Laurent,45.515615999999994,-73.575808,2021
336,Duluth / St-Laurent,45.516876,-73.57946,2021
337,de l'Hôtel-de-Ville / Roy,45.517401,-73.574605,2021
338,Clark / Rachel,45.517354,-73.58212900000002,2021
339,St-Dominique / Rachel,45.518593,-73.58156600000002,2021
340,Vallières / St-Laurent,45.518966999999996,-73.583616,2021
341,U. Concordia - Campus Loyola (Sherbrooke / West Broadway),45.457509,-73.639485,2021
342,Park Row O / Sherbrooke,45.460729,-73.634073,2021
343,Benny / Sherbrooke,45.464877,-73.626597,2021
344,Grand Boulevard / Sherbrooke,45.466569,-73.623295,2021
346,de la Côte St-Antoine / Royal,45.468927,-73.61986999999998,2021
347,de Melrose / Sherbrooke,45.46982,-73.616961,2021
348,de Hampton / de Monkland,45.471179,-73.627002,2021
349,Marcil / Sherbrooke,45.471743,-73.613924,2021
350,Harvard / de Monkland,45.47456500000001,-73.624036,2021
351,de Monkland / Girouard,45.477107000000004,-73.621438,2021
352,Notre-Dame-de-Grâce / Décarie,45.477353,-73.615372,2021
354,Métro Snowdon (de Westbury / Queen-Mary),45.485385,-73.62814200000003,2021
355,Lionel-Groulx / George-Vanier,45.486219,-73.573747,2021
356,Canning / Notre-Dame,45.486319,-73.570233,2021
357,des Seigneurs / Notre-Dame,45.487722999999995,-73.56908299999998,2021
358,Métro Georges-Vanier (St-Antoine / Canning),45.4891,-73.57656,2021
359,Métro Atwater (Atwater / Ste-Catherine),45.489476,-73.58456600000002,2021
360,Atwater / Sherbrooke,45.491226,-73.58763,2021
361,Beaucourt / de la Côte-Ste-Catherine,45.491513,-73.633649,2021
362,Chomedey / de Maisonneuve,45.4918,-73.584006,2021
363,Ste-Catherine / St-Marc,45.492897,-73.580294,2021
364,Lincoln / du Fort,45.493034,-73.583836,2021
365,St-Mathieu / Ste-Catherine,45.49368,-73.579146,2021
366,St-Marc / Sherbrooke,45.494514,-73.58336800000002,2021
367,de Kent / Victoria,45.494564000000004,-73.638702,2021
368,Jean-Brillant / de la Côte-des-Neiges,45.495415,-73.622341,2021
369,Hôpital général juif (de la Côte Ste-Catherine / Légaré),45.496302,-73.62982199999998,2021
370,Mackay / de Maisonneuve,45.496829999999996,-73.57913,2021
372,Ellendale / de la Côte-des-Neiges,45.499757,-73.62929799999998,2021
373,de Kent / de la Côte-des-Neiges,45.501449,-73.633051,2021
374,de Soissons / de Darlington,45.506899,-73.623526,2021
375,Parc Kent (de Kent / Hudson),45.505721,-73.629459,2021
376,Édouard-Montpetit / de Stirling,45.50723,-73.615085,2021
377,Wilderton  / Van Horne,45.510142,-73.624752,2021
378,Tupper / du Fort,45.49123,-73.580782,2021
379,St-Mathieu / Sherbrooke,45.495789,-73.582596,2021
381,Crescent / de Maisonneuve,45.498112,-73.57761500000002,2021
382,Drummond / Ste-Catherine,45.498639000000004,-73.57422700000002,2021
383,de la Cathédrale / René-Lévesque,45.499190999999996,-73.56942099999998,2021
384,Cypress / Peel,45.499325,-73.571768,2021
385,Drummond / de Maisonneuve,45.49947,-73.57591,2021
386,de la Montagne / Sherbrooke,45.499745000000004,-73.579034,2021
387,Notre-Dame / Gauvin,45.500105,-73.560199,2021
388,Métro Peel (de Maisonneuve / Stanley),45.50038,-73.57507,2021
389,de la Gauchetière / Robert-Bourassa,45.500606,-73.565448,2021
392,Stanley / Sherbrooke,45.501041,-73.577178,2021
393,Metcalfe / de Maisonneuve,45.501715000000004,-73.57413000000003,2021
394,St-Nicolas / Place d'Youville,45.501967,-73.555153,2021
395,Square Victoria (Viger / du Square-Victoria),45.50206,-73.56295,2021
396,Union / René-Lévesque,45.50235,-73.566583,2021
397,St-Jacques / St-Pierre,45.502786,-73.559134,2021
398,McTavish / Sherbrooke,45.502813,-73.576024,2021
400,du President-Kennedy / Union,45.505010999999996,-73.572028,2021
401,St-Antoine / St-François-Xavier,45.504591,-73.559188,2021
403,Viger / Chenneville,45.505311999999996,-73.560891,2021
404,Métro Place-d'Armes (Viger / St-Urbain),45.50623,-73.55976,2021
405,City Councillors / du President-Kennedy,45.506251,-73.571391,2021
406,St-Jacques / St-Laurent,45.506421,-73.556466,2021
407,St-Urbain / de la Gauchetière,45.507078,-73.56139499999998,2021
408,Notre-Dame / St-Gabriel,45.507144,-73.55511899999998,2021
409,du Champ-de-Mars / Gosford,45.509655,-73.554009,2021
410,Métro Champ-de-Mars (Viger / Sanguinet),45.510351,-73.556508,2021
411,St-André / St-Antoine,45.514114,-73.552645,2021
412,Ottawa / William,45.489727,-73.564063,2021
413,Joseph-Manseau / René-Lévesque,45.491687,-73.576767,2021
414,Notre-Dame / de la Montagne,45.493029,-73.564818,2021
415,Lucien L'Allier / St-Jacques,45.493569,-73.56857600000002,2021
418,Métro Lucien-L'Allier  (Lucien l'Allier / Argyle),45.494871999999994,-73.571124,2021
419,Duke / Brennan,45.495581,-73.55371099999998,2021
420,Bishop / Ste-Catherine,45.496583,-73.576502,2021
422,William / St-Henri,45.498919,-73.557254,2021
423,Queen / Wellington,45.497605,-73.55535,2021
425,Labadie / du Parc,45.519895,-73.596827,2021
427,de l'Esplanade / Fairmount,45.521496,-73.596827,2021
428,Jeanne-Mance / St-Viateur,45.523027,-73.60184,2021
429,Waverly / St-Viateur,45.523856,-73.600127,2021
430,de Bullion / St-Joseph,45.524037,-73.59014300000003,2021
432,Maguire / St-Laurent,45.524628,-73.595811,2021
433,Hutchison / Van Horne,45.524941999999996,-73.610606,2021
434,de Gaspé / Fairmount,45.525648,-73.592928,2021
435,St-Viateur / St-Laurent,45.525931,-73.598839,2021
436,Drolet / Laurier,45.526252,-73.58975799999997,2021
437,St-Dominique / St-Viateur,45.526557000000004,-73.598276,2021
438,Maguire / Henri-Julien,45.527041,-73.593471,2021
439,Waverly / Van Horne,45.527363,-73.607723,2021
440,Casgrain / St-Viateur,45.527513,-73.598791,2021
441,de Gaspé / St-Viateur,45.527747999999995,-73.59743900000002,2021
442,Henri-Julien / du Carmel,45.527839,-73.594821,2021
443,St-Dominique / Bernard,45.527933000000004,-73.601223,2021
444,Berlioz / de l'Île des Soeurs,45.459986,-73.54395600000002,2021
445,Place du Commerce,45.46714,-73.54259,2021
447,Léa-Roback / Sir-Georges-Etienne-Cartier,45.471669,-73.58264399999999,2021
448,Jacques-Le Ber / de la Pointe Nord,45.472503,-73.53928499999998,2021
449,Ste-Émilie / Sir-Georges-Etienne-Cartier,45.472668,-73.58539,2021
450,Ryde / Charlevoix,45.475743,-73.564601,2021
451,Métro Place St-Henri (St-Ferdinand / St-Jacques),45.477249,-73.587238,2021
452,Fortune / Wellington,45.477923,-73.559038,2021
453,Métro Charlevoix (Centre / Charlevoix),45.478228,-73.56965100000002,2021
455,Bourgeoys / Favard,45.479929999999996,-73.555921,2021
456,Ropery / Augustin-Cantin,45.480914,-73.56846,2021
459,Duvernay / Charlevoix,45.482098,-73.574876,2021
461,Shearer / Centre,45.483006,-73.562187,2021
462,Charlevoix / Lionel-Groulx,45.48392800000001,-73.577312,2021
463,Augustin-Cantin / Shearer,45.484018,-73.563437,2021
464,Richardson / de Montmorency,45.48498,-73.560333,2021
465,Georges-Vanier / Notre-Dame,45.485048,-73.571963,2021
466,Quesnel / Vinet,45.485889,-73.57751400000002,2021
467,Guy / Notre-Dame,45.490041999999995,-73.567111,2021
468,Young / Wellington,45.492825,-73.557978,2021
469,de la Commune / St-Sulpice,45.504242,-73.55346999999998,2021
470,de la Commune / Place Jacques-Cartier,45.50761,-73.551836,2021
471,de la Commune / Berri,45.51086,-73.54983,2021
472,Rachel / de Brébeuf,45.52689,-73.57264,2021
474,Métro Acadie (de l'Acadie / Beaumont),45.523575,-73.62344300000002,2021
477,Métro de la Savane (de Sorel / Bougainville),45.500451,-73.661428,2021
478,Dollard / Bernard,45.516783000000004,-73.611423,2021
479,Casgrain / Maguire,45.525933,-73.595253,2021
480,Jeanne-Mance / Beaubien,45.52765,-73.6123,2021
481,Alfred Laliberté / de Poutrincourt,45.53308,-73.694597,2021
482,Chabanel / du Parc,45.538308,-73.654884,2021
483,Gare Bois-de-Boulogne,45.539726,-73.677165,2021
484,Laforest / Dudemaine,45.539806,-73.68726600000002,2021
485,Chabanel / de l'Esplanade,45.540686,-73.653376,2021
486,Papineau / Émile-Journault,45.559884000000004,-73.63356800000003,2021
487,16e avenue / Jean-Talon,45.56244,-73.595333,2021
488,Rosemont / Viau,45.568329999999996,-73.566663,2021
489,de St-Firmin / Fleury,45.570657000000004,-73.651842,2021
490,41e avenue / Rosemont,45.57179,-73.56431500000002,2021
491,Fleury / André-Jobin,45.576,-73.646765,2021
492,de Lisieux / Jean-Talon,45.579349,-73.581681,2021
493,de Belleville / Fleury,45.58116,-73.641243,2021
495,Dumesnil / Bélanger,45.587778,-73.569354,2021
496,des Récollets / Martial,45.590892,-73.640617,2021
497,François-Boivin / Bélanger,45.592596,-73.566175,2021
498,Notre-Dame / Liébert,45.592803,-73.51046600000002,2021
499,Liébert / Hochelaga,45.595875,-73.523528,2021
500,Parc d'Antioche (Place d'Antioche / St-Zotique),45.595352,-73.55859,2021
501,Bélanger / des Galeries d'Anjou,45.59722100000001,-73.56279,2021
502,William / Robert-Bourassa,45.497165,-73.55933,2021
504,Gagne / LaSalle,45.422451,-73.60119399999998,2021
505,Parc Highlands (Highlands / LaSalle),45.426124,-73.657416,2021
506,Cégep André-Laurendeau,45.435665,-73.605652,2021
507,Newman / Senkus,45.444043,-73.613752,2021
508,LaSalle / Godin,45.44693400000001,-73.572199,2021
509,Elgar / de l'Île-des-Sœurs,45.456823,-73.54680400000002,2021
510,Hickson / Wellington,45.464892,-73.566998,2021
511,Grand Boulevard / de Terrebonne,45.470544,-73.63168,2021
512,Turgeon / Notre-Dame,45.478888,-73.58198900000002,2021
513,St-Jacques / des Seigneurs,45.489186,-73.5719,2021
514,des Bassins / du Séminaire,45.49045200000001,-73.560172,2021
516,Lusignan / St-Jacques,45.492222,-73.569348,2021
517,Bibliothèque du Boisé (Thimens / Todd),45.504635,-73.704432,2021
519,Beaudet / Marcel-Laurin,45.506842999999996,-73.68175699999998,2021
520,Métro du Collège (Cartier / Décarie),45.508439,-73.672965,2021
521,Thimens / Alexis-Nihon,45.508978000000006,-73.698564,2021
522,de l'Eglise / St-Germain,45.512559,-73.677011,2021
523,Ste-Croix / Tassé,45.519492,-73.68510400000002,2021
524,O'Brien / Poirier,45.522459999999995,-73.691564,2021
525,Casino de Montréal,45.506372999999996,-73.52457700000002,2021
527,Métro Longueuil - Université de Sherbrooke,45.523319,-73.520127,2021
528,Place Longueuil,45.52841,-73.517166,2021
529,St-Charles / Montarville,45.533682,-73.515261,2021
530,Collège Édouard-Montpetit (de Gentilly / de Normandie),45.537226000000004,-73.495067,2021
531,St-Charles / Grant,45.539823999999996,-73.508752,2021
532,Marché Atwater,45.48020800000001,-73.57759899999998,2021
533,Atwater / Greene,45.480495,-73.577827,2021
537,Villeneuve / St-Laurent,45.521342,-73.58941899999998,2021
538,Dollard / Van Horne,45.519153,-73.616469,2021
540,Parc Beaubien (Stuart / St-Viateur),45.516079,-73.607798,2021
541,Parc Outremont (Bloomfield / Elmwood),45.518309,-73.603286,2021
542,Parc Joyce (Rockland / Lajoie),45.515617,-73.614991,2021
543,Davaar / de la Côte-Ste-Catherine,45.514379,-73.610871,2021
544,Bloomfield / Bernard,45.520688,-73.608428,2021
546,Bloomfield / Van Horne,45.522586,-73.612658,2021
548,Waverly / St-Zotique,45.530505,-73.614708,2021
549,du Mont-Royal / Augustin-Frigon,45.543763,-73.56772,2021
550,Drolet / Beaubien,45.533348,-73.605834,2021
551,Métro Beaubien (de Chateaubriand / Beaubien),45.53536,-73.603635,2021
552,de Bellechasse / de St-Vallier,45.533409999999996,-73.601124,2021
553,Boyer / Beaubien,45.537040999999995,-73.602026,2021
554,Chambord / Beaubien,45.539932,-73.599343,2021
555,Centre ÉPIC (St-Zotique / 40e avenue),45.574146999999996,-73.574621,2021
556,Chabot / Beaubien,45.544376,-73.59564499999998,2021
557,Louis-Hébert / de Bellechasse,45.546661,-73.588684,2021
558,Molson / Beaubien,45.549686,-73.591155,2021
559,Beaubien / 8e avenue,45.553457,-73.58784200000002,2021
560,16e avenue / Beaubien,45.558281,-73.583159,2021
561,29e avenue / St-Zotique,45.567766,-73.579688,2021
562,de la Roche /  de Bellechasse,45.537159,-73.597476,2021
563,Chabot / de Bellechasse,45.54257,-73.59214399999998,2021
564,Louis-Hébert / Beaubien,45.548186,-73.59201,2021
565,Alexandra / Jean-Talon,45.532331,-73.620187,2021
566,Marché Jean-Talon (Henri-Julien / Jean-Talon),45.536784999999995,-73.614888,2021
567,Bélanger / St-Denis,45.53696,-73.61199,2021
568,de la Roche / Bélanger,45.54167,-73.60760400000002,2021
569,Boyer / Bélanger,45.54006,-73.60897,2021
570,de Lanaudière / Bélanger,45.543651000000004,-73.60565,2021
571,Cartier / Bélanger,45.546797,-73.602664,2021
572,des Érables / Bélanger,45.549121,-73.600874,2021
573,Parc Père-Marquette (Chambord / Rosemont),45.537088,-73.59321899999998,2021
574,Boyer / Jean-Talon,45.541585999999995,-73.612481,2021
575,Louis-Hémon / Rosemont,45.544599,-73.588223,2021
576,1ère avenue / Rosemont,45.5478,-73.584867,2021
577,5e avenue / Rosemont,45.5499,-73.583084,2021
578,Marquette / des Carrières,45.538799,-73.5887,2021
580,Cartier / Dandurand,45.539235999999995,-73.58594599999998,2021
581,de Gaspé / Marmier,45.529686,-73.60172800000002,2021
582,Fabre / St-Zotique,45.543452,-73.60101,2021
583,de Bordeaux / St-Zotique,45.546539,-73.598665,2021
584,Marmier / St-Denis,45.53087100000001,-73.598345,2021
585,Louis-Hébert / St-Zotique,45.55001,-73.59576,2021
586,Fabre / Beaubien,45.54206,-73.59787299999998,2021
588,Parc du Pélican (2e avenue / St-Joseph),45.544513,-73.571564,2021
589,St-Dominique / St-Zotique,45.532265,-73.611063,2021
590,de Gaspé / Dante,45.534298,-73.612172,2021
591,Mozart / St-Laurent,45.53318,-73.61544,2021
592,Boyer / St-Zotique,45.53848,-73.60556,2021
593,de St-Vallier / St-Zotique,45.536260999999996,-73.607546,2021
594,Drolet / St-Zotique,45.534882,-73.609412,2021
595,28e avenue / Rosemont,45.564353000000004,-73.571244,2021
596,Casgrain / Mozart,45.534727000000004,-73.614793,2021
597,12e avenue / St-Zotique,45.556867,-73.58930699999998,2021
598,1ère  avenue / St-Zotique,45.551937,-73.593928,2021
600,Jardin Botanique (Pie-IX / Sherbrooke),45.554947,-73.555295,2021
601,18e avenue / Rosemont,45.557896,-73.57652900000002,2021
602,Hôpital Maisonneuve-Rosemont (Rosemont / Chatelain),45.575707,-73.561562,2021
604,35e avenue / Beaubien,45.570081,-73.573047,2021
606,de Chambly / Rachel,45.549911,-73.558263,2021
607,10e avenue / Masson,45.550306,-73.573353,2021
608,d'Orléans / Masson,45.557192,-73.569847,2021
610,1ère avenue / Masson,45.5452,-73.576451,2021
611,15e avenue / Masson,45.553898,-73.571387,2021
613,Parc J.-Arthur-Champagne (de Chambly / du Mont-Royal),45.55158400000001,-73.561916,2021
614,Omer-Lavallée / du Midway,45.545776000000004,-73.562175,2021
616,Cartier / Rosemont,45.541247,-73.591044,2021
619,St-Urbain / Beaubien,45.529509999999995,-73.61068,2021
620,Ernest-Gendreau / du Mont-Royal,45.549714,-73.563848,2021
622,Place Émilie-Gamelin (St-Hubert / de Maisonneuve),45.515901,-73.55994799999998,2021
623,de Maisonneuve / Mansfield (nord),45.50231100000001,-73.5733635,2021
624,St-Jacques / McGill,45.501441,-73.560144,2021
625,St-Urbain / René-Lévesque,45.507838,-73.563136,2021
626,de Maisonneuve / Mansfield (sud),45.502145,-73.57342700000002,2021
627,Durocher / Bernard,45.522225,-73.606687,2021
628,La Ronde,45.521565,-73.535332,2021
629,Aylmer / Sherbrooke,45.506586999999996,-73.573299,2021
630,Querbes / Laurier,45.517540000000004,-73.597832,2021
631,26e avenue / Beaubien,45.564944,-73.577639,2021
633,Jogues / Allard,45.45002,-73.600306,2021
635,19e avenue / St-Zotique,45.561594,-73.585643,2021
636,de Maisonneuve / Greene,45.486971000000004,-73.58929300000001,2021
637,Hillside / Ste-Catherine,45.482826,-73.590843,2021
638,Victoria / de Maisonneuve,45.477429,-73.600169,2021
639,Victoria Hall,45.481291,-73.60033,2021
641,2e avenue / Jean-Rivard,45.56250900000001,-73.61655999999998,2021
642,Henri-Julien / de Castelnau,45.537890999999995,-73.618215,2021
644,Chambord / Jean-Talon,45.544846,-73.610536,2021
645,Louis-Hébert / Bélanger,45.551584999999996,-73.599165,2021
646,Gary-Carter / St-Laurent,45.5359,-73.622443,2021
647,St-Dominique / Gounod,45.538738,-73.628022,2021
648,Guizot / St-Laurent,45.539663,-73.634475,2021
650,Drolet / Gounod,45.540951,-73.626375,2021
651,de Gaspé / Jarry,45.54078,-73.630401,2021
652,Guizot / St-Denis,45.543424,-73.632462,2021
653,de Gaspé / de Liège,45.542485,-73.636342,2021
654,du Rosaire / St-Hubert,45.544819,-73.62151,2021
656,de Chateaubriand / Jarry,45.545955,-73.626992,2021
657,de la Roche / Everett,45.544866999999996,-73.614841,2021
658,Marquette / Villeray,45.550684000000004,-73.61529300000002,2021
659,St-Dominique / Jean-Talon,45.535247999999996,-73.617564,2021
660,Louis-Hémon / Villeray,45.554961,-73.610737,2021
661,Métro St-Michel (Shaughnessy / St-Michel),45.559199,-73.59965799999998,2021
663,d'Outremont / Ogilvy,45.52687,-73.626723,2021
664,de Normanville / Villeray,45.54717,-73.618041,2021
665,Lajeunesse / Villeray,45.542119,-73.622547,2021
666,Villeray / St-Michel,45.561059,-73.603967,2021
668,Marquette / Jean-Talon,45.547408000000004,-73.607669,2021
669,de Bordeaux / Jean-Talon,45.549755,-73.60556600000002,2021
671,Ball / Querbes,45.531177,-73.632136,2021
674,Drolet / Jarry,45.541955,-73.629942,2021
675,Clark / de Liège,45.539984000000004,-73.63813499999998,2021
676,Boyer / Rosemont,45.534136,-73.595478,2021
677,Bernard / St-Urbain,45.526267,-73.60319100000002,2021
678,CIUSSS (du Trianon / Pierre-de-Coubertin),45.587531,-73.53190699999998,2021
680,Hôpital Santa Cabrini (St-Zotique / Jeanne-Jugan),45.579325,-73.570504,2021
681,St-Denis / René-Lévesque,45.512871000000004,-73.55846600000002,2021
682,du Président-Kennedy / Jeanne-Mance,45.508205,-73.568814,2021
684,Jeanne-Mance / René-Lévesque,45.506371,-73.564201,2021
686,Desjardins / Ontario,45.551192,-73.540873,2021
687,Metcalfe / du Square-Dorchester,45.500208,-73.571138,2021
688,Métro Viau (Pierre-de-Coubertin / Viau),45.561783,-73.546611,2021
689,de Mentana / Gilford,45.528724,-73.58385899999998,2021
690,St-Maurice / Robert-Bourassa,45.498578,-73.560242,2021
691,Métro Honoré-Beaugrand (Sherbrooke / Honoré-Beaugrand),45.596796999999995,-73.535179,2021
692,Paré / Mountain Sights,45.4981,-73.65294200000002,2021
693,Métro Radisson (Sherbrooke / des Groseilliers),45.589175,-73.53965600000002,2021
694,Graham / Brookfield,45.520222,-73.629856,2021
696,Hutchison / Beaubien,45.526058,-73.61296899999998,2021
699,St-Jean-Baptiste / René-Lévesque,45.641557,-73.500375,2021
701,du Tricentenaire / Prince-Albert,45.649546,-73.491916,2021
702,de Maisonneuve / Aylmer (est),45.505386,-73.570432,2021
703,du Souvenir / Chomedey,45.551885999999996,-73.74444,2021
704,Métro Montmorency (de l'Avenir / Jacques-Tétreault),45.558109,-73.719598,2021
705,Parc St-Claude (7e avenue / 8e rue),45.562668,-73.692362,2021
706,Métro Cartier (des Laurentides / Cartier),45.56003,-73.681336,2021
749,Atateken / du Square Amherst,45.5206338,-73.563906,2021
750,Métro Sherbrooke (de Rigaud / St-Denis),45.5179989,-73.5681841,2021
751,Bourget / St-Jacques,45.4808458,-73.58386159999998,2021
752,Métro Bonaventure (de la Gauchetière / de la Cathédrale),45.4983122,-73.567256,2021
753,Mansfield / Ste-Catherine,45.5013987,-73.5717863,2021
756,Notre-Dame / Jean-d'Estrées,45.4942598,-73.56381809999998,2021
757,de Gaspé / Beaubien,45.531957899999995,-73.607001,2021
758,des Érables / du Mont-Royal,45.535853499999995,-73.57205450000002,2021
760,St-Dominique / de Bellechasse,45.52950360000001,-73.6048646,2021
762,St-Dominique / Napoléon,45.516664399999996,-73.5772204,2021
763,Métro Jean-Talon (Berri / Jean-Talon),45.5390004,-73.614251,2021
764,St-Dominique / Laurier,45.5236149,-73.5924574,2021
765,Faillon / St-Denis,45.5398641,-73.62031280000002,2021
767,de Gaspé / Villeray,45.53888720000001,-73.62390699999997,2021
769,Grand Trunk / d'Hibernia,45.47968,-73.56385,2021
770,Rivier / Davidson,45.546114700000004,-73.5570931,2021
771,Métro Parc  (Hutchison / Ogilvy),45.5303513,-73.6243924,2021
772,de la Salle / Hochelaga,45.5541523,-73.5474935,2021
774,Parc St-Henri (Laporte / Guay),45.4801338,-73.58590809999998,2021
775,St-Hubert / St-Joseph,45.528087899999996,-73.5858625,2021
776,de la Côte St-Antoine / Argyle,45.486241,-73.5957277,2021
778,Métro Jolicoeur (de Sève / Drake),45.4560855,-73.58193709999998,2021
779,de Bleury / de Maisonneuve,45.5070965,-73.5684416,2021
780,LaSalle / 80e avenue,45.4157687,-73.63792420000001,2021
781,Kirkfield / de Chambois,45.512933200000006,-73.6338902,2021
782,Garnier / Everett,45.5476247,-73.6120248,2021
783,8e avenue / Jarry,45.5616903,-73.610512,2021
784,de la Côte St-Paul / St-Ambroise,45.4676657,-73.5939178,2021
785,des Jockeys / Décarie,45.4940443,-73.6544949,2021
786,LaSalle / 37e avenue,45.4163102,-73.6129159,2021
788,Bennett / Pierre-de-Coubertin,45.5581597,-73.5484001,2021
790,Métro de Castelnau (de Castelnau / St-Laurent),45.5357088,-73.6196235,2021
834,Graham / Wicksteed,45.5169365,-73.64048299999997,2021
836,de la Pépinière / Pierre-de-Coubertin,45.5762592,-73.5383123,2021
837,de Maisonneuve / Aylmer (ouest),45.505063,-73.57068120000002,2021
838,Drolet / Marie-Anne,45.5224026,-73.5811767,2021
840,des Bassins / Richmond,45.487531,-73.56506999999998,2021
841,de Laprairie / Centre,45.4813667,-73.5643189,2021
842,Graham / Kindersley,45.51405,-73.6472556,2021
843,Glengarry / Graham,45.509190000000004,-73.66032059999998,2021
845,Garnier / St-Grégoire,45.5358344,-73.58702120000002,2021
846,Chabot / Villeray,45.5522894,-73.6130065,2021
851,18e avenue / St-Joseph Lachine,45.43297670000001,-73.68081540000001,2021
852,Eleanor / Ottawa,45.492462700000004,-73.5607839,2021
855,Clark / Ontario,45.51062460000001,-73.56690329999998,2021
856,Smith / Peel,-1.0,-1.0,2021
858,Henri-Julien / de Bellechasse,45.52950360000001,-73.6048646,2021
859,Campus MIL (Outremont / Thérèse-Lavoie Roux),45.5231722,-73.61809709999999,2021
860,Parc Jean-Drapeau (Chemin Macdonald),45.5128006,-73.5311159,2021
862,St-Charles / St-Sylvestre,45.5363438,-73.5127777,2021
864,Métro Villa-Maria (de Monkland / Décarie),45.4789684,-73.6195993,2021
865,Jeanne-Mance / Laurier,45.5201249,-73.5952138,2021
866,des Ormeaux / Notre-Dame,45.5992655,-73.51226070000001,2021
868,10e avenue / Holt,45.551911600000004,-73.5792112,2021
869,Christophe-Colomb / St-Joseph,45.530364899999995,-73.58439270000002,2021
873,Clark / St-Zotique,45.531611,-73.61334980000002,2021
874,St-Gérard / Villeray,45.5426454,-73.6224445,2021
881,Jeanne-Mance / Bernard,45.5244504,-73.60517440000002,2021
886,Fullum / Holt,45.5439195,-73.5842489,2021
887,3e avenue / Holt,45.5480035,-73.5813899,2021
888,Mozart / Waverly,45.5315651,-73.6169464,2021
890,Boucher / St-Denis,45.52784920000001,-73.5918613,2021
892,des Érables / Dandurand,45.541369399999994,-73.583974,2021
893,René-Lévesque / 9e avenue,45.6407393,-73.50082579999999,2021
895,Bloomfield / Jean-Talon,45.527460299999994,-73.6241752,2021
898,Louis-Hémon / Jean-Talon,45.5517743,-73.60347840000001,2021
899,de Grosbois / Ducheneau,45.6112307,-73.5312416,2021
901,Notre-Dame-de-Grâce / Westmount,45.4804701,-73.6112161,2021
903,Sherbrooke / Vignal,45.489829799999995,-73.5896777,2021
904,Marmier,45.5310066,-73.5987988,2021
906,Parc Ludger-Duvernay (St-André / St-Hubert),45.5314746,-73.5924205,2021
907,Métro Pie-IX (Pierre-de-Coubertin / De La Salle),45.5552411,-73.55082209999998,2021
908,Lajeunesse / de Liège,45.5455805,-73.6349,2021
909,de Chateaubriand / Leman,45.547234499999995,-73.63102559999999,2021
910,Fullum / Marie-Anne,45.5365054,-73.5680392,2021
911,Rose-de-Lima / Workman,45.48026420000001,-73.5809936,2021
912,Grey / Sherbrooke,45.476344299999994,-73.6062594,2021
913,Parc Benny (Benny / de Monkland),45.4669357,-73.6315311,2021
914,Earnscliffe / Queen-Mary,45.4818451,-73.6303738,2021
915,McLynn / Plamondon,45.4891131,-73.64701290000002,2021
916,St-Cyril / Wiseman,45.520854799999995,-73.6157396,2021
917,Boyer / Everett,45.5432845,-73.6162861,2021
918,Crescent / René-Lévesque,45.4959617,-73.5732535,2021
919,des Récollets / McGill,45.500876500000004,-73.55900559999998,2021
921,Fullum / de Rouen,45.53213220000001,-73.55876009999999,2021
922,Aréna Rodrigue-Gilbert (du Tricentenaire / de Montigny),45.6514058,-73.5004127,2021
923,Fullum / Ontario,45.5303174,-73.55486690000002,2021
924,Place du Village-de-la-Pointe-aux-Trembles (St-Jean-Baptiste / Notre-Dame),45.6400029,-73.490113,2021
925,la Fontaine / Alexandre-de-Sève,45.5233037,-73.5579997,2021
926,Cégep Marie-Victorin,45.6174998,-73.6060113,2021
927,Hôpital Sacré-Coeur (Forbes),45.5319436,-73.7136054,2021
928,Place Rodolphe-Rousseau (Gohier / Édouard-Laurin),45.5129939,-73.6824985,2021
929,Molson / William-Tremblay,45.5415485,-73.5650124,2021
930,Messier / St-Joseph,45.53946060000001,-73.5760564,2021
931,Ateliers municipaux de St-Laurent (Cavendish / Poirier),45.506175799999994,-73.71118609999998,2021
932,Centre des loisirs (Tassé / Grenet),45.5147343,-73.691449,2021
934,McKenna / Édouard-Montpetit,45.5011651,-73.6205475,2021
935,St-Catherine / St-Laurent,45.5099315,-73.5638067,2021
936,Du Quesne / Pierre-de-Coubertin,45.575053600000004,-73.5389322,2021
937,Ste-Claire / Pierre-Tétreault,45.6019133,-73.52441850000002,2021
938,Richmond / des Bassins,45.4875216,-73.565003,2021
940,St-Joseph /21e avenue Lachine,45.4335565,-73.68404340000002,2021
941,André-Laurendeau / Rachel,45.5428981,-73.561846,2021
942,des Érables / Laurier,45.538460799999996,-73.5776791,2021
944,Robin / 15e rue,45.559495500000004,-73.6989176,2021
945,Legrand / Cartier,45.552298,-73.70738270000003,2021
298,Logan / d'Iberville,45.530570000000004,-73.54913,2021
329,Metcalfe / St-Catherine,45.500832,-73.572459,2021
371,Swail / Decelles,45.497054999999996,-73.618652,2021
431,Bernard / Jeanne-Mance,45.524287,-73.604973,2021
547,Métro Édouard-Montpetit (du Mont-Royal / Vincent-d'Indy),45.510086,-73.611429,2021
761,St-Dominique / du Mont-Royal,45.5205595,-73.5858203,2021
880,des Soeurs-Grises / Marguerite-d'Youville,45.4987648,-73.5544766,2021
884,de Castelnau / Lajeunesse,45.5403962,-73.6168179,2021
891,5e avenue / Masson,45.5475583,-73.57547190000003,2021
897,Gilford / Parthenais,45.5378393,-73.57483859999998,2021
943,Clark / St-Viateur,45.525160299999996,-73.59924670000002,2021
946,Parc nature de l'Île-de-la-Visitation (Gouin / de Bruchési),45.578331799999994,-73.65595400000002,2021
947,De la Commune / King,45.4975038,-73.55284449999998,2021
948,Parc Henri-Julien (Legendre / Henri-Julien),45.5460356,-73.6465985,2021
949,Mackay / Sainte-Catherine,45.4957609,-73.5768262,2021
950,Place d'Youville / McGill,45.49996470000001,-73.55615440000003,2021
951,Sainte-Catherine / Union,45.50366629999999,-73.56957609999998,2021
952,Place du Canada ( Peel / de la Gauchetière),45.4986055,-73.5692275,2021
953,Guizot / Clark,45.5396786,-73.6345875,2021
954,Ste-Catherine / Union,45.50366629999999,-73.56957609999998,2021
955,St-Christophe / René-Lévesque,45.5149464,-73.5562329,2021
956,Parc de Dieppe,45.5018635,-73.543961,2021
957,De Lanaudière / du Mont-Royal,45.5302211,-73.57699649999998,2021
958,Panet / Ste-Catherine,45.5199567,-73.5548166,2021
959,Ann / Ottawa,45.49496970000001,-73.558042,2021
960,Sainte-Catherine / Parthenais,45.5262351,-73.54895,2021
961,Terminus Newman (Airlie / Lafleur),45.4250597,-73.64959920000003,2021
962,2e avenue / Centrale,45.432894399999995,-73.59685290000002,2021
963,Travaux publics LaSalle (Cordner / Léger),45.4452719,-73.62448359999998,2021
964,Lapierre / Serge,45.4385441,-73.6202163,2021
965,Brittany / Ainsley,45.525889899999996,-73.65003440000002,2021
966,Gloria / Dollard,45.429711,-73.6338834,2021
967,Métro Lionel-Groulx (Walker / Saint-Jacques),45.4832209,-73.5807636,2021
968,Palm / St-Rémi,45.470366,-73.589816,2021
969,Jeanne Le Moyne / Jacques-Le Ber,45.47188010000001,-73.53797970000002,2021
970,d'Orléans / du Mont-Royal,45.554133,-73.560226,2021
971,Parc Loyola (Somerled / Doherty),45.460023,-73.644442,2021
972,Parc Van Horne (de la Peltrie / de Westbury),45.4904723,-73.6385324,2021
973,de la Rotonde / Jacques-Le Ber,45.47188010000001,-73.53797970000002,2021
974,Parc de la Confédération (Fielding / West Hill),45.471882,-73.6400217,2021
975,Parc MacDonald (Earnscliffe / Dupuis),45.484919,-73.6374146,2021
976,REV (Souligny / Desmarteau),45.6046208,-73.5159963,2021
977,CHU Sainte-Justine (Côte Sainte-Catherine / Hudson),45.503981700000004,-73.6228395,2021
978,CHU Sainte-Justine (de la Côte Sainte-Catherine / Hudson),45.503981700000004,-73.6228395,2021
979,des Ormeaux / de Grosbois,45.605901700000004,-73.5343695,2021
980,Champdoré / de Lorimier,45.5668693,-73.64101679999997,2021
981,Parc Labelle (Lasalle/ Henri Duhamel),45.472561,-73.5699892,2021
982,Monk / de Biencourt,45.4584299,-73.5960603,2021
983,Egan / Laurendeau,45.4528579,-73.58924880000002,2021
984,Dorion / Rachel,45.531634000000004,-73.5682458,2021
985,Parc Villeray (Christophe-Colomb / Jarry),45.548092499999996,-73.624261,2021
986,de Léry / Sherbrooke,45.5409997,-73.55826259999998,2021
987,St-Charles / Thomas-Keefer,45.477605,-73.573775,2021
988,Monsabré / Boileau,45.5717982,-73.5415497,2021
989,Parc Georges St-Pierre (Oxford / Upper Lachine),45.4689119,-73.60950890000002,2021
990,Aylmer/ Sainte-Catherine,45.5043468,-73.5689485,2021
991,St-Henri / Gauvin,45.5002783,-73.5598773,2021
992,St-Henri / Notre-Dame,45.5002783,-73.5598773,2021
993,de Grosbois / Duchesneau,45.6112307,-73.5312416,2021
994,Parc Labelle (LaSalle / Henri-Duhamel),45.472561,-73.5699892,2021
995,Parc Tino-Rossi (18e avenue / Everett),45.564811299999995,-73.5958041,2021
996,Lacombe / Victoria,45.490628,-73.628878,2021
997,Parc MacDonald (Clanranald / Isabella),45.4826927,-73.6348128,2021
272,Ste-Catherine / Labelle,45.515065,-73.55923,2021
421,de la Commune / King,45.497515,-73.552571,2021
515,Parc Plage,45.502828,-73.527793,2021
526,Quai de la navette fluviale,45.513740999999996,-73.538382,2021
998,St-Ambroise / Louis-Cyr,45.475193299999994,-73.5809433,2021
999,Parc de Beauséjour (Gouin / Henri-d'Arles),45.52676500000001,-73.730423,2021
1000,Parc Champdoré (Champdoré / de Lille),45.5691762,-73.6362934,2021
1002,Vendôme / Sherbrooke,45.475963,-73.60723440000002,2021
1003,Parc Tino-Rossi (18e avenue / Everett),45.564811299999995,-73.5958041,2021
1004,Stinson / Montpellier,45.5040143,-73.70442690000002,2021
1005,Villeneuve / St-Denis,45.5251147,-73.58600600000003,2021
1006,Place du Canada (Peel / de la Gauchetière),45.49846779999999,-73.5684335,2021
1007,Aylmer / Ste-Catherine,45.5043468,-73.5689485,2021
1008,Ste-Catherine / Parthenais,45.5262351,-73.54895,2021
1009,de Lanaudière / du Mont-Royal,45.5302211,-73.57699649999998,2021
1010,Métro Pie-IX (Pierre-de-Coubertin / de la Salle),45.5552411,-73.55082209999998,2021
1011,St-Joseph / 21e avenue Lachine,45.4335565,-73.68404340000002,2021
1012,Parc Georges St-Pierre (Upper Lachine / Oxford),45.4690265,-73.609537,2021
1013,Everett / 8e avenue,45.5575132,-73.6017948,2021
1014,Robert Bourassa / Sainte-Catherine,45.5032151,-73.5699785,2021
1015,Robert-Bourassa / Ste-Catherine,45.5032151,-73.5699785,2021
1016,Parc Howard (de l'Épée / de Liège),45.5616903,-73.610512,2021
1017,Sabrevois / des Récollets,45.583287899999995,-73.63276359999998,2021
1018,Boyer / Rachel,45.5252551,-73.5752406,2021
1019,Bishop/ René-Lévesque,45.4953231,-73.5738867,2021
1020,Parc Maisonneuve (Viau / Sherbrooke),45.5649368,-73.5555911,2021
1021,Duchesneau/Marseille,45.609626299999995,-73.522739,2021
1022,Duchesneau / Marseille,45.609626299999995,-73.522739,2021
1023,Mansfield / Cathcart,45.5007599,-73.5704827,2021
1024,6e avenue / Bélanger,45.5545638,-73.5961568,2021
1025,Marquette / Gilford,45.5338507,-73.5789116,2021
36,St-Cuthbert / St-Urbain,45.514773,-73.578312,2021
126,Rousselot / Jarry,45.550899,-73.62108,2021
245,St-André / Cherrier,45.520524,-73.567697,2021
1026,Duchesneau / de Marseille,45.609626299999995,-73.522739,2021
1027,St-Antoine / de la Montagne,45.4953717,-73.5685891,2021
1028,Berri/ Duluth,45.521685299999994,-73.57494150000002,2021
1029,Métro Lionel-Groulx (Saint-Jacques/ Atwater),45.483628499999995,-73.57970259999998,2021
1030,Bishop / René-Lévesque,45.4953231,-73.5738867,2021
1031,Berri / Duluth,45.521685299999994,-73.57494150000002,2021
1032,Parc des Hirondelles (Fleury / André-Jobin),45.5760003,-73.6467648,2021
1033,Parc Baldwin (Fullum / Sherbrooke),45.5340705,-73.56265069999998,2021
1034,Parc Père-Marquette (de Lanaudière / de Bellechasse),45.539324,-73.5958784,2021
1036,Parc Dixie (Dixie / 53e avenue),45.4433506,-73.7169045,2021
1037,Alexis-Nihon / St-Louis,45.500338799999994,-73.6826205,2021
1038,Parc Marlborough (Beauzèle / Robichaud),45.522341499999996,-73.72167890000001,2021
1039,Fleury / de St-Firmin,45.5705064,-73.6517805,2021
1040,Parc Reine-Élizabeth (Penniston / Crawford),45.43914470000001,-73.59173659999998,2021
1041,Parc du Pélican (1ère avenue / Masson),45.54519970000001,-73.5764507,2021
1042,Hutchison / Beaumont,45.5284463,-73.6187021,2021
1043,Dandurand / des Érables,45.5408227,-73.5842103,2021
1044,Gilford / des Érables,45.5375266,-73.5751244,2021
1045,Parc Langelier - Marie-Victorin,45.614429799999996,-73.6122333,2021
1046,Robin / de la Visitation,45.5209227,-73.5591772,2021
1047,Parc Hébert ( Provencher / Buies),45.5716274,-73.59204770000002,2021
1048,41e avenue / Victoria,45.440346999999996,-73.70231329999999,2021
1049,Métro Snowdon (Dornal / Westbury),45.4856314,-73.62876490000002,2021
1050,Parc Ivan-Franko (33e avenue / Victoria),45.437459999999994,-73.6935318,2021
1051,19e avenue / Saint-Antoine,45.4397787,-73.6813706,2021
1052,Parc Maurice Bélanger (Forest / de l'Hôtel-de-Ville),45.5883561,-73.6317122,2021
1053,Pratt / Bates,45.5169478,-73.6263156,2021
1054,McCulloch / de la Côte Ste-Catherine,45.5157751,-73.6006093,2021
1055,Parc Sauvé (Balzac / de Bayonne),45.5990861,-73.63694790000002,2021
1056,Ste-Catherine / Sanguinet,45.51289379999999,-73.56124790000001,2021
1057,de Côme / Jean-Talon,45.588303,-73.57783719999998,2021
1058,Wellington / 2e avenue,45.4575911,-73.56755940000002,2021
1059,Wellington / Hickson,45.4650577,-73.5667753,2021
1060,Legrand / Laurier,45.55022320000001,-73.7054669,2021
1061,Parc Hébert (Provencher / Buies),45.5716274,-73.59204770000002,2021
1062,Beurling / Godin,45.4479158,-73.58381870000002,2021
579,Dandurand / de Lorimier,45.540881,-73.58415699999998,2021
835,Melville / de Maisonneuve,45.4818402,-73.59537900000002,2021
1063,Letourneaux / Ste-Catherine,45.5507836,-73.5341,2021
1064,8e avenue / Saint-Joseph Lachine,45.431648100000004,-73.6711246,2021
1065,Laurier / Parisi,45.54978300000001,-73.7063098,2021
1066,Dorion / Gauthier,45.5306736,-73.56625030000002,2021
1067,Chabot / Laurier,45.5368558,-73.5793731,2021
1068,Métro Fabre (Marquette / Jean-Talon),45.547407799999995,-73.60766890000002,2021
1069,Métro Plamondon (de Kent / Victoria),45.494564000000004,-73.638702,2021
1070,Métro Place-des-Arts (du Président-Kennedy / Jeanne-Mance),45.508204600000006,-73.56881440000002,2021
1071,Letourneux / Ste-Catherine,45.5507836,-73.5341,2021
1072,Métro Jarry (Lajeunesse / Jarry),45.5435597,-73.627772,2021
1073,Gilford / St-Denis,45.5251147,-73.58600600000003,2021
1074,Sicard / Adam,45.554861700000004,-73.53271720000002,2021
1075,Parc Maurice Bélanger (Hebert / Forest),45.5880822,-73.63222309999998,2021
1076,Durocher / Beaumont,45.5280002,-73.6192358,2021
1077,Marie-Anne / Papineau,45.5317737,-73.5724462,2021
1078,Parc du Pélican (Laurier/ 2e avenue),45.54495770000001,-73.5728859,2021
1079,Saint-Viateur / Casgrain,45.5271166,-73.5977359,2021
1080,Maguire / Saint-Dominique,45.5252675,-73.5952374,2021
1081,Monk / Jacques-Hertel,45.4597531,-73.5964214,2021
1082,Péloquin / Fleury,45.5570222,-73.6599016,2021
1083,de l’hôtel de ville / Saint-Joseph,45.5242771,-73.58929040000002,2021
1084,Des Érables / Villeray,45.553948299999995,-73.6115748,2021
1085,Parc Henri-Durant (Léger / Henri-Durant),45.5684396,-73.67520209999998,2021
60,Durocher / Van Horne,45.524394,-73.611423,2021
876,Plessis / Logan,45.521767499999996,-73.5571025,2021
1086,Parc Chopin (Dumouchel / Tessier),45.5707266,-73.737086,2021
1087,27e avenue / Rosemont,45.563678700000004,-73.5716045,2021
1088,de l'Hôtel-de-Ville / St-Joseph,45.5242771,-73.58929040000002,2021
1089,St-Viateur / Casgrain,45.5271166,-73.5977359,2021
1090,Métro Beaudry (Montcalm / de Maisonneuve),45.519132,-73.5578897,2021
1091,Durocher / St-Viateur,45.5207958,-73.60327070000002,2021
1092,de Normanville / Beaubien,45.539294299999995,-73.6004199,2021
1093,Querbes / Ball,45.5311169,-73.6322325,2021
1094,Sanguinet / Sainte-Catherine,45.5128612,-73.5615949,2021
1095,Langelier / Marie-Victorin,45.614519200000004,-73.6122447,2021
1096,Drummond / Sherbrooke,45.5003924,-73.578168,2021
1098,Chomedey / Lincoln,45.4922268,-73.5847816,2021
1099,Parc Dixie (54e avenue / Dixie),45.442397,-73.7176502,2021
1100,Parc Outremont (Bloomfield / St-Viateur),45.519049100000004,-73.6049806,2021
120,Drolet / Faillon,45.539316,-73.620661,2021
1101,de Rouen / Lespérance,45.5386271,-73.5528392,2021
1102,Ropery / Grand Trunk,45.478671399999996,-73.56570500000001,2021
1103,Parc Wilfrid-Bastien (Lacordaire / des Galets),45.58640020000001,-73.5952181,2021
1104,Parc Delorme (Malouin / Laferté),45.5904902,-73.5902694,2021
1105,Parc St-Laurent (Salk / Thomas-Chapais),45.6062348,-73.6287838,2021
1106,Parc Saint-Laurent (Dutrisac),45.5259138,-73.6891115,2021
1107,Parc Beaulac (rue Élizabeth),45.5200557,-73.6779515,2021
1108,CHSLD St-Michel (8e avenue / Jarry),45.5616903,-73.610512,2021
1109,Mairie d'arrondissement Montréal-Nord (Hébert / de Charleroi),45.593984999999996,-73.63767209999999,2021
1110,Parc Luigi-Pirandello (de Bretagne / Jean-Rivard),45.5794057,-73.60258879999999,2021
1111,Parc LaSalle (10e avenue / Victoria),45.4380555,-73.67273929999999,2021
1112,Parc Stoney-Point (St-Joseph / 47e avenue),45.4365683,-73.7083697,2021
1113,Parc riverain de Lachine (des Iroquois),45.4305431,-73.66902440000001,2021
1114,Bibliothèque Jean-Corbeil (Goncourt / Place Montrichard),45.6027276,-73.5579303,2021
1115,Aréna Chaumont (Chaumont / des Ormeaux),45.6109266,-73.5467345,2021
1116,Parc Chamberland (Dorais / de l'Église),45.502989,-73.689113,2021
1117,Parc Noel-Nord (Toupin / Keller),45.5175831,-73.72661409999999,2021
1118,Parc du Bois-Franc (de l'Équateur / des Andes),45.5131776,-73.7130609,2021
1119,Parc Grovehill (St-Antoine / Ivan-Franko),45.43982379999999,-73.6948782,2021
1120,Parc Kirkland (des Érables / Boyer),45.4460609,-73.6507995,2021
1121,Parc Painter (Marcotte / Quenneville),45.5286305,-73.6773124,2021
1122,Parc Beaubien (Stuart / St-Viateur),45.516181,-73.6085433,2021
1123,Bibliothèque d'Ahuntsic (Lajeunesse / Fleury),45.5534001,-73.6622545,2021
1124,La Tour de Montréal (Pierre-de-Coubertin / Bennett),45.5597053,-73.55155440000001,2021
1125,CCI Outremont (Dollard / Durcharme),45.5200191,-73.6189073,2021
1126,Terminus Le Carrefour (Terry-Fox / Le Carr),45.5684203,-73.7468728,2021
1127,Notre-Dame / Murray,45.494197899999996,-73.56374770000001,2021
1128,Parc Summerlea (53e avenue / St-Joseph),45.4383671,-73.71546690000001,2021
1129,Labelle / Ste-Catherine,45.5149954,-73.5591692,2021
1130,de Normanville / Jean-Talon,45.5439624,-73.61076820000001,2021
1131,Robert-Bourassa / de Maisonneuve,45.503858,-73.5710943,2021
1132,Parc Ottawa (de Belleville / Fleury),45.58116,-73.64124340000001,2021
1133,Parc Turin (Chambord / Jean-Talon),45.54468060000001,-73.61016059999999,2021
1134,Parc St-Paul (Marc-Sauvalle / Le Caron),45.46170120000001,-73.5840715,2021
1135,du Mont-Royal / Laurendeau,45.5444714,-73.5672507,2021
