"Longitude (x)","Latitude (y)","Station Name","Climate ID","Date/Time (LST)","Year","Month","Day","Time (LST)","Temp (°C)","Temp Flag","Dew Point Temp (°C)","Dew Point Temp Flag","Rel Hum (%)","Rel Hum Flag","Precip. Amount (mm)","Precip. Amount Flag","Wind Dir (10s deg)","Wind Dir Flag","Wind Spd (km/h)","Wind Spd Flag","Visibility (km)","Visibility Flag","Stn Press (kPa)","Stn Press Flag","Hmdx","Hmdx Flag","Wind Chill","Wind Chill Flag","Weather"
"-73.58","45.50","MCTAVISH","7024745","2014-06-01 00:00","2014","06","01","00:00"
"-73.58","45.50","MCTAVISH","7024745","2014-06-01 01:00","2014","06","01","01:00"
"-73.58","45.50","MCTAVISH","7024745","2014-06-01 02:00","2014","06","01","02:00"
"-73.58","45.50","MCTAVISH","7024745","2014-06-01 03:00","2014","06","01","03:00"
"-73.58","45.50","MCTAVISH","7024745","2014-06-01 04:00","2014","06","01","04:00"
"-73.58","45.50","MCTAVISH","7024745","2014-06-01 05:00","2014","06","01","05:00"
"-73.58","45.50","MCTAVISH","7024745","2014-06-01 06:00","2014","06","01","06:00"
"-73.58","45.50","MCTAVISH","7024745","2014-06-01 07:00","2014","06","01","07:00"
"-73.58","45.50","MCTAVISH","7024745","2014-06-01 08:00","2014","06","01","08:00"
"-73.58","45.50","MCTAVISH","7024745","2014-06-01 09:00","2014","06","01","09:00"
"-73.58","45.50","MCTAVISH","7024745","2014-06-01 10:00","2014","06","01","10:00"
"-73.58","45.50","MCTAVISH","7024745","2014-06-01 11:00","2014","06","01","11:00"
"-73.58","45.50","MCTAVISH","7024745","2014-06-01 12:00","2014","06","01","12:00"
"-73.58","45.50","MCTAVISH","7024745","2014-06-01 13:00","2014","06","01","13:00"
"-73.58","45.50","MCTAVISH","7024745","2014-06-01 14:00","2014","06","01","14:00"
"-73.58","45.50","MCTAVISH","7024745","2014-06-01 15:00","2014","06","01","15:00"
"-73.58","45.50","MCTAVISH","7024745","2014-06-01 16:00","2014","06","01","16:00"
"-73.58","45.50","MCTAVISH","7024745","2014-06-01 17:00","2014","06","01","17:00"
"-73.58","45.50","MCTAVISH","7024745","2014-06-01 18:00","2014","06","01","18:00"
"-73.58","45.50","MCTAVISH","7024745","2014-06-01 19:00","2014","06","01","19:00"
"-73.58","45.50","MCTAVISH","7024745","2014-06-01 20:00","2014","06","01","20:00"
"-73.58","45.50","MCTAVISH","7024745","2014-06-01 21:00","2014","06","01","21:00"
"-73.58","45.50","MCTAVISH","7024745","2014-06-01 22:00","2014","06","01","22:00"
"-73.58","45.50","MCTAVISH","7024745","2014-06-01 23:00","2014","06","01","23:00"
"-73.58","45.50","MCTAVISH","7024745","2014-06-02 00:00","2014","06","02","00:00"
"-73.58","45.50","MCTAVISH","7024745","2014-06-02 01:00","2014","06","02","01:00"
"-73.58","45.50","MCTAVISH","7024745","2014-06-02 02:00","2014","06","02","02:00"
"-73.58","45.50","MCTAVISH","7024745","2014-06-02 03:00","2014","06","02","03:00"
"-73.58","45.50","MCTAVISH","7024745","2014-06-02 04:00","2014","06","02","04:00"
"-73.58","45.50","MCTAVISH","7024745","2014-06-02 05:00","2014","06","02","05:00"
"-73.58","45.50","MCTAVISH","7024745","2014-06-02 06:00","2014","06","02","06:00"
"-73.58","45.50","MCTAVISH","7024745","2014-06-02 07:00","2014","06","02","07:00"
"-73.58","45.50","MCTAVISH","7024745","2014-06-02 08:00","2014","06","02","08:00"
"-73.58","45.50","MCTAVISH","7024745","2014-06-02 09:00","2014","06","02","09:00"
"-73.58","45.50","MCTAVISH","7024745","2014-06-02 10:00","2014","06","02","10:00"
"-73.58","45.50","MCTAVISH","7024745","2014-06-02 11:00","2014","06","02","11:00"
"-73.58","45.50","MCTAVISH","7024745","2014-06-02 12:00","2014","06","02","12:00"
"-73.58","45.50","MCTAVISH","7024745","2014-06-02 13:00","2014","06","02","13:00"
"-73.58","45.50","MCTAVISH","7024745","2014-06-02 14:00","2014","06","02","14:00"
"-73.58","45.50","MCTAVISH","7024745","2014-06-02 15:00","2014","06","02","15:00"
"-73.58","45.50","MCTAVISH","7024745","2014-06-02 16:00","2014","06","02","16:00"
"-73.58","45.50","MCTAVISH","7024745","2014-06-02 17:00","2014","06","02","17:00"
"-73.58","45.50","MCTAVISH","7024745","2014-06-02 18:00","2014","06","02","18:00"
"-73.58","45.50","MCTAVISH","7024745","2014-06-02 19:00","2014","06","02","19:00"
"-73.58","45.50","MCTAVISH","7024745","2014-06-02 20:00","2014","06","02","20:00"
"-73.58","45.50","MCTAVISH","7024745","2014-06-02 21:00","2014","06","02","21:00"
"-73.58","45.50","MCTAVISH","7024745","2014-06-02 22:00","2014","06","02","22:00"
"-73.58","45.50","MCTAVISH","7024745","2014-06-02 23:00","2014","06","02","23:00"
"-73.58","45.50","MCTAVISH","7024745","2014-06-03 00:00","2014","06","03","00:00"
"-73.58","45.50","MCTAVISH","7024745","2014-06-03 01:00","2014","06","03","01:00"
"-73.58","45.50","MCTAVISH","7024745","2014-06-03 02:00","2014","06","03","02:00"
"-73.58","45.50","MCTAVISH","7024745","2014-06-03 03:00","2014","06","03","03:00"
"-73.58","45.50","MCTAVISH","7024745","2014-06-03 04:00","2014","06","03","04:00"
"-73.58","45.50","MCTAVISH","7024745","2014-06-03 05:00","2014","06","03","05:00"
"-73.58","45.50","MCTAVISH","7024745","2014-06-03 06:00","2014","06","03","06:00"
"-73.58","45.50","MCTAVISH","7024745","2014-06-03 07:00","2014","06","03","07:00"
"-73.58","45.50","MCTAVISH","7024745","2014-06-03 08:00","2014","06","03","08:00"
"-73.58","45.50","MCTAVISH","7024745","2014-06-03 09:00","2014","06","03","09:00"
"-73.58","45.50","MCTAVISH","7024745","2014-06-03 10:00","2014","06","03","10:00"
"-73.58","45.50","MCTAVISH","7024745","2014-06-03 11:00","2014","06","03","11:00"
"-73.58","45.50","MCTAVISH","7024745","2014-06-03 12:00","2014","06","03","12:00"
"-73.58","45.50","MCTAVISH","7024745","2014-06-03 13:00","2014","06","03","13:00"
"-73.58","45.50","MCTAVISH","7024745","2014-06-03 14:00","2014","06","03","14:00"
"-73.58","45.50","MCTAVISH","7024745","2014-06-03 15:00","2014","06","03","15:00"
"-73.58","45.50","MCTAVISH","7024745","2014-06-03 16:00","2014","06","03","16:00"
"-73.58","45.50","MCTAVISH","7024745","2014-06-03 17:00","2014","06","03","17:00"
"-73.58","45.50","MCTAVISH","7024745","2014-06-03 18:00","2014","06","03","18:00"
"-73.58","45.50","MCTAVISH","7024745","2014-06-03 19:00","2014","06","03","19:00"
"-73.58","45.50","MCTAVISH","7024745","2014-06-03 20:00","2014","06","03","20:00"
"-73.58","45.50","MCTAVISH","7024745","2014-06-03 21:00","2014","06","03","21:00"
"-73.58","45.50","MCTAVISH","7024745","2014-06-03 22:00","2014","06","03","22:00"
"-73.58","45.50","MCTAVISH","7024745","2014-06-03 23:00","2014","06","03","23:00"
"-73.58","45.50","MCTAVISH","7024745","2014-06-04 00:00","2014","06","04","00:00"
"-73.58","45.50","MCTAVISH","7024745","2014-06-04 01:00","2014","06","04","01:00"
"-73.58","45.50","MCTAVISH","7024745","2014-06-04 02:00","2014","06","04","02:00"
"-73.58","45.50","MCTAVISH","7024745","2014-06-04 03:00","2014","06","04","03:00"
"-73.58","45.50","MCTAVISH","7024745","2014-06-04 04:00","2014","06","04","04:00"
"-73.58","45.50","MCTAVISH","7024745","2014-06-04 05:00","2014","06","04","05:00"
"-73.58","45.50","MCTAVISH","7024745","2014-06-04 06:00","2014","06","04","06:00"
"-73.58","45.50","MCTAVISH","7024745","2014-06-04 07:00","2014","06","04","07:00"
"-73.58","45.50","MCTAVISH","7024745","2014-06-04 08:00","2014","06","04","08:00"
"-73.58","45.50","MCTAVISH","7024745","2014-06-04 09:00","2014","06","04","09:00"
"-73.58","45.50","MCTAVISH","7024745","2014-06-04 10:00","2014","06","04","10:00"
"-73.58","45.50","MCTAVISH","7024745","2014-06-04 11:00","2014","06","04","11:00"
"-73.58","45.50","MCTAVISH","7024745","2014-06-04 12:00","2014","06","04","12:00"
"-73.58","45.50","MCTAVISH","7024745","2014-06-04 13:00","2014","06","04","13:00"
"-73.58","45.50","MCTAVISH","7024745","2014-06-04 14:00","2014","06","04","14:00"
"-73.58","45.50","MCTAVISH","7024745","2014-06-04 15:00","2014","06","04","15:00"
"-73.58","45.50","MCTAVISH","7024745","2014-06-04 16:00","2014","06","04","16:00"
"-73.58","45.50","MCTAVISH","7024745","2014-06-04 17:00","2014","06","04","17:00"
"-73.58","45.50","MCTAVISH","7024745","2014-06-04 18:00","2014","06","04","18:00"
"-73.58","45.50","MCTAVISH","7024745","2014-06-04 19:00","2014","06","04","19:00"
"-73.58","45.50","MCTAVISH","7024745","2014-06-04 20:00","2014","06","04","20:00"
"-73.58","45.50","MCTAVISH","7024745","2014-06-04 21:00","2014","06","04","21:00"
"-73.58","45.50","MCTAVISH","7024745","2014-06-04 22:00","2014","06","04","22:00"
"-73.58","45.50","MCTAVISH","7024745","2014-06-04 23:00","2014","06","04","23:00"
"-73.58","45.50","MCTAVISH","7024745","2014-06-05 00:00","2014","06","05","00:00"
"-73.58","45.50","MCTAVISH","7024745","2014-06-05 01:00","2014","06","05","01:00"
"-73.58","45.50","MCTAVISH","7024745","2014-06-05 02:00","2014","06","05","02:00"
"-73.58","45.50","MCTAVISH","7024745","2014-06-05 03:00","2014","06","05","03:00"
"-73.58","45.50","MCTAVISH","7024745","2014-06-05 04:00","2014","06","05","04:00"
"-73.58","45.50","MCTAVISH","7024745","2014-06-05 05:00","2014","06","05","05:00"
"-73.58","45.50","MCTAVISH","7024745","2014-06-05 06:00","2014","06","05","06:00"
"-73.58","45.50","MCTAVISH","7024745","2014-06-05 07:00","2014","06","05","07:00"
"-73.58","45.50","MCTAVISH","7024745","2014-06-05 08:00","2014","06","05","08:00"
"-73.58","45.50","MCTAVISH","7024745","2014-06-05 09:00","2014","06","05","09:00"
"-73.58","45.50","MCTAVISH","7024745","2014-06-05 10:00","2014","06","05","10:00"
"-73.58","45.50","MCTAVISH","7024745","2014-06-05 11:00","2014","06","05","11:00"
"-73.58","45.50","MCTAVISH","7024745","2014-06-05 12:00","2014","06","05","12:00"
"-73.58","45.50","MCTAVISH","7024745","2014-06-05 13:00","2014","06","05","13:00"
"-73.58","45.50","MCTAVISH","7024745","2014-06-05 14:00","2014","06","05","14:00"
"-73.58","45.50","MCTAVISH","7024745","2014-06-05 15:00","2014","06","05","15:00"
"-73.58","45.50","MCTAVISH","7024745","2014-06-05 16:00","2014","06","05","16:00"
"-73.58","45.50","MCTAVISH","7024745","2014-06-05 17:00","2014","06","05","17:00"
"-73.58","45.50","MCTAVISH","7024745","2014-06-05 18:00","2014","06","05","18:00"
"-73.58","45.50","MCTAVISH","7024745","2014-06-05 19:00","2014","06","05","19:00"
"-73.58","45.50","MCTAVISH","7024745","2014-06-05 20:00","2014","06","05","20:00"
"-73.58","45.50","MCTAVISH","7024745","2014-06-05 21:00","2014","06","05","21:00"
"-73.58","45.50","MCTAVISH","7024745","2014-06-05 22:00","2014","06","05","22:00"
"-73.58","45.50","MCTAVISH","7024745","2014-06-05 23:00","2014","06","05","23:00"
"-73.58","45.50","MCTAVISH","7024745","2014-06-06 00:00","2014","06","06","00:00"
"-73.58","45.50","MCTAVISH","7024745","2014-06-06 01:00","2014","06","06","01:00"
"-73.58","45.50","MCTAVISH","7024745","2014-06-06 02:00","2014","06","06","02:00"
"-73.58","45.50","MCTAVISH","7024745","2014-06-06 03:00","2014","06","06","03:00"
"-73.58","45.50","MCTAVISH","7024745","2014-06-06 04:00","2014","06","06","04:00"
"-73.58","45.50","MCTAVISH","7024745","2014-06-06 05:00","2014","06","06","05:00"
"-73.58","45.50","MCTAVISH","7024745","2014-06-06 06:00","2014","06","06","06:00"
"-73.58","45.50","MCTAVISH","7024745","2014-06-06 07:00","2014","06","06","07:00"
"-73.58","45.50","MCTAVISH","7024745","2014-06-06 08:00","2014","06","06","08:00"
"-73.58","45.50","MCTAVISH","7024745","2014-06-06 09:00","2014","06","06","09:00"
"-73.58","45.50","MCTAVISH","7024745","2014-06-06 10:00","2014","06","06","10:00"
"-73.58","45.50","MCTAVISH","7024745","2014-06-06 11:00","2014","06","06","11:00"
"-73.58","45.50","MCTAVISH","7024745","2014-06-06 12:00","2014","06","06","12:00"
"-73.58","45.50","MCTAVISH","7024745","2014-06-06 13:00","2014","06","06","13:00"
"-73.58","45.50","MCTAVISH","7024745","2014-06-06 14:00","2014","06","06","14:00"
"-73.58","45.50","MCTAVISH","7024745","2014-06-06 15:00","2014","06","06","15:00"
"-73.58","45.50","MCTAVISH","7024745","2014-06-06 16:00","2014","06","06","16:00"
"-73.58","45.50","MCTAVISH","7024745","2014-06-06 17:00","2014","06","06","17:00"
"-73.58","45.50","MCTAVISH","7024745","2014-06-06 18:00","2014","06","06","18:00"
"-73.58","45.50","MCTAVISH","7024745","2014-06-06 19:00","2014","06","06","19:00"
"-73.58","45.50","MCTAVISH","7024745","2014-06-06 20:00","2014","06","06","20:00"
"-73.58","45.50","MCTAVISH","7024745","2014-06-06 21:00","2014","06","06","21:00"
"-73.58","45.50","MCTAVISH","7024745","2014-06-06 22:00","2014","06","06","22:00"
"-73.58","45.50","MCTAVISH","7024745","2014-06-06 23:00","2014","06","06","23:00"
"-73.58","45.50","MCTAVISH","7024745","2014-06-07 00:00","2014","06","07","00:00"
"-73.58","45.50","MCTAVISH","7024745","2014-06-07 01:00","2014","06","07","01:00"
"-73.58","45.50","MCTAVISH","7024745","2014-06-07 02:00","2014","06","07","02:00"
"-73.58","45.50","MCTAVISH","7024745","2014-06-07 03:00","2014","06","07","03:00"
"-73.58","45.50","MCTAVISH","7024745","2014-06-07 04:00","2014","06","07","04:00"
"-73.58","45.50","MCTAVISH","7024745","2014-06-07 05:00","2014","06","07","05:00"
"-73.58","45.50","MCTAVISH","7024745","2014-06-07 06:00","2014","06","07","06:00"
"-73.58","45.50","MCTAVISH","7024745","2014-06-07 07:00","2014","06","07","07:00"
"-73.58","45.50","MCTAVISH","7024745","2014-06-07 08:00","2014","06","07","08:00"
"-73.58","45.50","MCTAVISH","7024745","2014-06-07 09:00","2014","06","07","09:00"
"-73.58","45.50","MCTAVISH","7024745","2014-06-07 10:00","2014","06","07","10:00"
"-73.58","45.50","MCTAVISH","7024745","2014-06-07 11:00","2014","06","07","11:00"
"-73.58","45.50","MCTAVISH","7024745","2014-06-07 12:00","2014","06","07","12:00"
"-73.58","45.50","MCTAVISH","7024745","2014-06-07 13:00","2014","06","07","13:00"
"-73.58","45.50","MCTAVISH","7024745","2014-06-07 14:00","2014","06","07","14:00"
"-73.58","45.50","MCTAVISH","7024745","2014-06-07 15:00","2014","06","07","15:00"
"-73.58","45.50","MCTAVISH","7024745","2014-06-07 16:00","2014","06","07","16:00"
"-73.58","45.50","MCTAVISH","7024745","2014-06-07 17:00","2014","06","07","17:00"
"-73.58","45.50","MCTAVISH","7024745","2014-06-07 18:00","2014","06","07","18:00"
"-73.58","45.50","MCTAVISH","7024745","2014-06-07 19:00","2014","06","07","19:00"
"-73.58","45.50","MCTAVISH","7024745","2014-06-07 20:00","2014","06","07","20:00"
"-73.58","45.50","MCTAVISH","7024745","2014-06-07 21:00","2014","06","07","21:00"
"-73.58","45.50","MCTAVISH","7024745","2014-06-07 22:00","2014","06","07","22:00"
"-73.58","45.50","MCTAVISH","7024745","2014-06-07 23:00","2014","06","07","23:00"
"-73.58","45.50","MCTAVISH","7024745","2014-06-08 00:00","2014","06","08","00:00"
"-73.58","45.50","MCTAVISH","7024745","2014-06-08 01:00","2014","06","08","01:00"
"-73.58","45.50","MCTAVISH","7024745","2014-06-08 02:00","2014","06","08","02:00"
"-73.58","45.50","MCTAVISH","7024745","2014-06-08 03:00","2014","06","08","03:00"
"-73.58","45.50","MCTAVISH","7024745","2014-06-08 04:00","2014","06","08","04:00"
"-73.58","45.50","MCTAVISH","7024745","2014-06-08 05:00","2014","06","08","05:00"
"-73.58","45.50","MCTAVISH","7024745","2014-06-08 06:00","2014","06","08","06:00"
"-73.58","45.50","MCTAVISH","7024745","2014-06-08 07:00","2014","06","08","07:00"
"-73.58","45.50","MCTAVISH","7024745","2014-06-08 08:00","2014","06","08","08:00"
"-73.58","45.50","MCTAVISH","7024745","2014-06-08 09:00","2014","06","08","09:00"
"-73.58","45.50","MCTAVISH","7024745","2014-06-08 10:00","2014","06","08","10:00"
"-73.58","45.50","MCTAVISH","7024745","2014-06-08 11:00","2014","06","08","11:00"
"-73.58","45.50","MCTAVISH","7024745","2014-06-08 12:00","2014","06","08","12:00"
"-73.58","45.50","MCTAVISH","7024745","2014-06-08 13:00","2014","06","08","13:00"
"-73.58","45.50","MCTAVISH","7024745","2014-06-08 14:00","2014","06","08","14:00"
"-73.58","45.50","MCTAVISH","7024745","2014-06-08 15:00","2014","06","08","15:00"
"-73.58","45.50","MCTAVISH","7024745","2014-06-08 16:00","2014","06","08","16:00"
"-73.58","45.50","MCTAVISH","7024745","2014-06-08 17:00","2014","06","08","17:00"
"-73.58","45.50","MCTAVISH","7024745","2014-06-08 18:00","2014","06","08","18:00"
"-73.58","45.50","MCTAVISH","7024745","2014-06-08 19:00","2014","06","08","19:00"
"-73.58","45.50","MCTAVISH","7024745","2014-06-08 20:00","2014","06","08","20:00"
"-73.58","45.50","MCTAVISH","7024745","2014-06-08 21:00","2014","06","08","21:00"
"-73.58","45.50","MCTAVISH","7024745","2014-06-08 22:00","2014","06","08","22:00"
"-73.58","45.50","MCTAVISH","7024745","2014-06-08 23:00","2014","06","08","23:00"
"-73.58","45.50","MCTAVISH","7024745","2014-06-09 00:00","2014","06","09","00:00"
"-73.58","45.50","MCTAVISH","7024745","2014-06-09 01:00","2014","06","09","01:00"
"-73.58","45.50","MCTAVISH","7024745","2014-06-09 02:00","2014","06","09","02:00"
"-73.58","45.50","MCTAVISH","7024745","2014-06-09 03:00","2014","06","09","03:00"
"-73.58","45.50","MCTAVISH","7024745","2014-06-09 04:00","2014","06","09","04:00"
"-73.58","45.50","MCTAVISH","7024745","2014-06-09 05:00","2014","06","09","05:00"
"-73.58","45.50","MCTAVISH","7024745","2014-06-09 06:00","2014","06","09","06:00"
"-73.58","45.50","MCTAVISH","7024745","2014-06-09 07:00","2014","06","09","07:00"
"-73.58","45.50","MCTAVISH","7024745","2014-06-09 08:00","2014","06","09","08:00"
"-73.58","45.50","MCTAVISH","7024745","2014-06-09 09:00","2014","06","09","09:00"
"-73.58","45.50","MCTAVISH","7024745","2014-06-09 10:00","2014","06","09","10:00"
"-73.58","45.50","MCTAVISH","7024745","2014-06-09 11:00","2014","06","09","11:00"
"-73.58","45.50","MCTAVISH","7024745","2014-06-09 12:00","2014","06","09","12:00"
"-73.58","45.50","MCTAVISH","7024745","2014-06-09 13:00","2014","06","09","13:00"
"-73.58","45.50","MCTAVISH","7024745","2014-06-09 14:00","2014","06","09","14:00"
"-73.58","45.50","MCTAVISH","7024745","2014-06-09 15:00","2014","06","09","15:00"
"-73.58","45.50","MCTAVISH","7024745","2014-06-09 16:00","2014","06","09","16:00"
"-73.58","45.50","MCTAVISH","7024745","2014-06-09 17:00","2014","06","09","17:00"
"-73.58","45.50","MCTAVISH","7024745","2014-06-09 18:00","2014","06","09","18:00"
"-73.58","45.50","MCTAVISH","7024745","2014-06-09 19:00","2014","06","09","19:00"
"-73.58","45.50","MCTAVISH","7024745","2014-06-09 20:00","2014","06","09","20:00"
"-73.58","45.50","MCTAVISH","7024745","2014-06-09 21:00","2014","06","09","21:00"
"-73.58","45.50","MCTAVISH","7024745","2014-06-09 22:00","2014","06","09","22:00"
"-73.58","45.50","MCTAVISH","7024745","2014-06-09 23:00","2014","06","09","23:00"
"-73.58","45.50","MCTAVISH","7024745","2014-06-10 00:00","2014","06","10","00:00"
"-73.58","45.50","MCTAVISH","7024745","2014-06-10 01:00","2014","06","10","01:00"
"-73.58","45.50","MCTAVISH","7024745","2014-06-10 02:00","2014","06","10","02:00"
"-73.58","45.50","MCTAVISH","7024745","2014-06-10 03:00","2014","06","10","03:00"
"-73.58","45.50","MCTAVISH","7024745","2014-06-10 04:00","2014","06","10","04:00"
"-73.58","45.50","MCTAVISH","7024745","2014-06-10 05:00","2014","06","10","05:00"
"-73.58","45.50","MCTAVISH","7024745","2014-06-10 06:00","2014","06","10","06:00"
"-73.58","45.50","MCTAVISH","7024745","2014-06-10 07:00","2014","06","10","07:00"
"-73.58","45.50","MCTAVISH","7024745","2014-06-10 08:00","2014","06","10","08:00"
"-73.58","45.50","MCTAVISH","7024745","2014-06-10 09:00","2014","06","10","09:00"
"-73.58","45.50","MCTAVISH","7024745","2014-06-10 10:00","2014","06","10","10:00"
"-73.58","45.50","MCTAVISH","7024745","2014-06-10 11:00","2014","06","10","11:00"
"-73.58","45.50","MCTAVISH","7024745","2014-06-10 12:00","2014","06","10","12:00"
"-73.58","45.50","MCTAVISH","7024745","2014-06-10 13:00","2014","06","10","13:00"
"-73.58","45.50","MCTAVISH","7024745","2014-06-10 14:00","2014","06","10","14:00"
"-73.58","45.50","MCTAVISH","7024745","2014-06-10 15:00","2014","06","10","15:00"
"-73.58","45.50","MCTAVISH","7024745","2014-06-10 16:00","2014","06","10","16:00"
"-73.58","45.50","MCTAVISH","7024745","2014-06-10 17:00","2014","06","10","17:00"
"-73.58","45.50","MCTAVISH","7024745","2014-06-10 18:00","2014","06","10","18:00"
"-73.58","45.50","MCTAVISH","7024745","2014-06-10 19:00","2014","06","10","19:00"
"-73.58","45.50","MCTAVISH","7024745","2014-06-10 20:00","2014","06","10","20:00"
"-73.58","45.50","MCTAVISH","7024745","2014-06-10 21:00","2014","06","10","21:00"
"-73.58","45.50","MCTAVISH","7024745","2014-06-10 22:00","2014","06","10","22:00"
"-73.58","45.50","MCTAVISH","7024745","2014-06-10 23:00","2014","06","10","23:00"
"-73.58","45.50","MCTAVISH","7024745","2014-06-11 00:00","2014","06","11","00:00"
"-73.58","45.50","MCTAVISH","7024745","2014-06-11 01:00","2014","06","11","01:00"
"-73.58","45.50","MCTAVISH","7024745","2014-06-11 02:00","2014","06","11","02:00"
"-73.58","45.50","MCTAVISH","7024745","2014-06-11 03:00","2014","06","11","03:00"
"-73.58","45.50","MCTAVISH","7024745","2014-06-11 04:00","2014","06","11","04:00"
"-73.58","45.50","MCTAVISH","7024745","2014-06-11 05:00","2014","06","11","05:00"
"-73.58","45.50","MCTAVISH","7024745","2014-06-11 06:00","2014","06","11","06:00"
"-73.58","45.50","MCTAVISH","7024745","2014-06-11 07:00","2014","06","11","07:00"
"-73.58","45.50","MCTAVISH","7024745","2014-06-11 08:00","2014","06","11","08:00"
"-73.58","45.50","MCTAVISH","7024745","2014-06-11 09:00","2014","06","11","09:00"
"-73.58","45.50","MCTAVISH","7024745","2014-06-11 10:00","2014","06","11","10:00"
"-73.58","45.50","MCTAVISH","7024745","2014-06-11 11:00","2014","06","11","11:00"
"-73.58","45.50","MCTAVISH","7024745","2014-06-11 12:00","2014","06","11","12:00"
"-73.58","45.50","MCTAVISH","7024745","2014-06-11 13:00","2014","06","11","13:00"
"-73.58","45.50","MCTAVISH","7024745","2014-06-11 14:00","2014","06","11","14:00"
"-73.58","45.50","MCTAVISH","7024745","2014-06-11 15:00","2014","06","11","15:00"
"-73.58","45.50","MCTAVISH","7024745","2014-06-11 16:00","2014","06","11","16:00"
"-73.58","45.50","MCTAVISH","7024745","2014-06-11 17:00","2014","06","11","17:00"
"-73.58","45.50","MCTAVISH","7024745","2014-06-11 18:00","2014","06","11","18:00"
"-73.58","45.50","MCTAVISH","7024745","2014-06-11 19:00","2014","06","11","19:00"
"-73.58","45.50","MCTAVISH","7024745","2014-06-11 20:00","2014","06","11","20:00"
"-73.58","45.50","MCTAVISH","7024745","2014-06-11 21:00","2014","06","11","21:00"
"-73.58","45.50","MCTAVISH","7024745","2014-06-11 22:00","2014","06","11","22:00"
"-73.58","45.50","MCTAVISH","7024745","2014-06-11 23:00","2014","06","11","23:00"
"-73.58","45.50","MCTAVISH","7024745","2014-06-12 00:00","2014","06","12","00:00"
"-73.58","45.50","MCTAVISH","7024745","2014-06-12 01:00","2014","06","12","01:00"
"-73.58","45.50","MCTAVISH","7024745","2014-06-12 02:00","2014","06","12","02:00"
"-73.58","45.50","MCTAVISH","7024745","2014-06-12 03:00","2014","06","12","03:00"
"-73.58","45.50","MCTAVISH","7024745","2014-06-12 04:00","2014","06","12","04:00"
"-73.58","45.50","MCTAVISH","7024745","2014-06-12 05:00","2014","06","12","05:00"
"-73.58","45.50","MCTAVISH","7024745","2014-06-12 06:00","2014","06","12","06:00"
"-73.58","45.50","MCTAVISH","7024745","2014-06-12 07:00","2014","06","12","07:00"
"-73.58","45.50","MCTAVISH","7024745","2014-06-12 08:00","2014","06","12","08:00"
"-73.58","45.50","MCTAVISH","7024745","2014-06-12 09:00","2014","06","12","09:00"
"-73.58","45.50","MCTAVISH","7024745","2014-06-12 10:00","2014","06","12","10:00"
"-73.58","45.50","MCTAVISH","7024745","2014-06-12 11:00","2014","06","12","11:00"
"-73.58","45.50","MCTAVISH","7024745","2014-06-12 12:00","2014","06","12","12:00"
"-73.58","45.50","MCTAVISH","7024745","2014-06-12 13:00","2014","06","12","13:00"
"-73.58","45.50","MCTAVISH","7024745","2014-06-12 14:00","2014","06","12","14:00"
"-73.58","45.50","MCTAVISH","7024745","2014-06-12 15:00","2014","06","12","15:00"
"-73.58","45.50","MCTAVISH","7024745","2014-06-12 16:00","2014","06","12","16:00"
"-73.58","45.50","MCTAVISH","7024745","2014-06-12 17:00","2014","06","12","17:00"
"-73.58","45.50","MCTAVISH","7024745","2014-06-12 18:00","2014","06","12","18:00"
"-73.58","45.50","MCTAVISH","7024745","2014-06-12 19:00","2014","06","12","19:00"
"-73.58","45.50","MCTAVISH","7024745","2014-06-12 20:00","2014","06","12","20:00"
"-73.58","45.50","MCTAVISH","7024745","2014-06-12 21:00","2014","06","12","21:00"
"-73.58","45.50","MCTAVISH","7024745","2014-06-12 22:00","2014","06","12","22:00"
"-73.58","45.50","MCTAVISH","7024745","2014-06-12 23:00","2014","06","12","23:00"
"-73.58","45.50","MCTAVISH","7024745","2014-06-13 00:00","2014","06","13","00:00"
"-73.58","45.50","MCTAVISH","7024745","2014-06-13 01:00","2014","06","13","01:00"
"-73.58","45.50","MCTAVISH","7024745","2014-06-13 02:00","2014","06","13","02:00"
"-73.58","45.50","MCTAVISH","7024745","2014-06-13 03:00","2014","06","13","03:00"
"-73.58","45.50","MCTAVISH","7024745","2014-06-13 04:00","2014","06","13","04:00"
"-73.58","45.50","MCTAVISH","7024745","2014-06-13 05:00","2014","06","13","05:00"
"-73.58","45.50","MCTAVISH","7024745","2014-06-13 06:00","2014","06","13","06:00"
"-73.58","45.50","MCTAVISH","7024745","2014-06-13 07:00","2014","06","13","07:00"
"-73.58","45.50","MCTAVISH","7024745","2014-06-13 08:00","2014","06","13","08:00"
"-73.58","45.50","MCTAVISH","7024745","2014-06-13 09:00","2014","06","13","09:00"
"-73.58","45.50","MCTAVISH","7024745","2014-06-13 10:00","2014","06","13","10:00"
"-73.58","45.50","MCTAVISH","7024745","2014-06-13 11:00","2014","06","13","11:00"
"-73.58","45.50","MCTAVISH","7024745","2014-06-13 12:00","2014","06","13","12:00"
"-73.58","45.50","MCTAVISH","7024745","2014-06-13 13:00","2014","06","13","13:00"
"-73.58","45.50","MCTAVISH","7024745","2014-06-13 14:00","2014","06","13","14:00"
"-73.58","45.50","MCTAVISH","7024745","2014-06-13 15:00","2014","06","13","15:00"
"-73.58","45.50","MCTAVISH","7024745","2014-06-13 16:00","2014","06","13","16:00"
"-73.58","45.50","MCTAVISH","7024745","2014-06-13 17:00","2014","06","13","17:00"
"-73.58","45.50","MCTAVISH","7024745","2014-06-13 18:00","2014","06","13","18:00"
"-73.58","45.50","MCTAVISH","7024745","2014-06-13 19:00","2014","06","13","19:00"
"-73.58","45.50","MCTAVISH","7024745","2014-06-13 20:00","2014","06","13","20:00"
"-73.58","45.50","MCTAVISH","7024745","2014-06-13 21:00","2014","06","13","21:00"
"-73.58","45.50","MCTAVISH","7024745","2014-06-13 22:00","2014","06","13","22:00"
"-73.58","45.50","MCTAVISH","7024745","2014-06-13 23:00","2014","06","13","23:00"
"-73.58","45.50","MCTAVISH","7024745","2014-06-14 00:00","2014","06","14","00:00"
"-73.58","45.50","MCTAVISH","7024745","2014-06-14 01:00","2014","06","14","01:00"
"-73.58","45.50","MCTAVISH","7024745","2014-06-14 02:00","2014","06","14","02:00"
"-73.58","45.50","MCTAVISH","7024745","2014-06-14 03:00","2014","06","14","03:00"
"-73.58","45.50","MCTAVISH","7024745","2014-06-14 04:00","2014","06","14","04:00"
"-73.58","45.50","MCTAVISH","7024745","2014-06-14 05:00","2014","06","14","05:00"
"-73.58","45.50","MCTAVISH","7024745","2014-06-14 06:00","2014","06","14","06:00"
"-73.58","45.50","MCTAVISH","7024745","2014-06-14 07:00","2014","06","14","07:00"
"-73.58","45.50","MCTAVISH","7024745","2014-06-14 08:00","2014","06","14","08:00"
"-73.58","45.50","MCTAVISH","7024745","2014-06-14 09:00","2014","06","14","09:00"
"-73.58","45.50","MCTAVISH","7024745","2014-06-14 10:00","2014","06","14","10:00"
"-73.58","45.50","MCTAVISH","7024745","2014-06-14 11:00","2014","06","14","11:00"
"-73.58","45.50","MCTAVISH","7024745","2014-06-14 12:00","2014","06","14","12:00"
"-73.58","45.50","MCTAVISH","7024745","2014-06-14 13:00","2014","06","14","13:00"
"-73.58","45.50","MCTAVISH","7024745","2014-06-14 14:00","2014","06","14","14:00"
"-73.58","45.50","MCTAVISH","7024745","2014-06-14 15:00","2014","06","14","15:00"
"-73.58","45.50","MCTAVISH","7024745","2014-06-14 16:00","2014","06","14","16:00"
"-73.58","45.50","MCTAVISH","7024745","2014-06-14 17:00","2014","06","14","17:00"
"-73.58","45.50","MCTAVISH","7024745","2014-06-14 18:00","2014","06","14","18:00"
"-73.58","45.50","MCTAVISH","7024745","2014-06-14 19:00","2014","06","14","19:00"
"-73.58","45.50","MCTAVISH","7024745","2014-06-14 20:00","2014","06","14","20:00"
"-73.58","45.50","MCTAVISH","7024745","2014-06-14 21:00","2014","06","14","21:00"
"-73.58","45.50","MCTAVISH","7024745","2014-06-14 22:00","2014","06","14","22:00"
"-73.58","45.50","MCTAVISH","7024745","2014-06-14 23:00","2014","06","14","23:00"
"-73.58","45.50","MCTAVISH","7024745","2014-06-15 00:00","2014","06","15","00:00"
"-73.58","45.50","MCTAVISH","7024745","2014-06-15 01:00","2014","06","15","01:00"
"-73.58","45.50","MCTAVISH","7024745","2014-06-15 02:00","2014","06","15","02:00"
"-73.58","45.50","MCTAVISH","7024745","2014-06-15 03:00","2014","06","15","03:00"
"-73.58","45.50","MCTAVISH","7024745","2014-06-15 04:00","2014","06","15","04:00"
"-73.58","45.50","MCTAVISH","7024745","2014-06-15 05:00","2014","06","15","05:00"
"-73.58","45.50","MCTAVISH","7024745","2014-06-15 06:00","2014","06","15","06:00"
"-73.58","45.50","MCTAVISH","7024745","2014-06-15 07:00","2014","06","15","07:00"
"-73.58","45.50","MCTAVISH","7024745","2014-06-15 08:00","2014","06","15","08:00"
"-73.58","45.50","MCTAVISH","7024745","2014-06-15 09:00","2014","06","15","09:00"
"-73.58","45.50","MCTAVISH","7024745","2014-06-15 10:00","2014","06","15","10:00"
"-73.58","45.50","MCTAVISH","7024745","2014-06-15 11:00","2014","06","15","11:00"
"-73.58","45.50","MCTAVISH","7024745","2014-06-15 12:00","2014","06","15","12:00"
"-73.58","45.50","MCTAVISH","7024745","2014-06-15 13:00","2014","06","15","13:00"
"-73.58","45.50","MCTAVISH","7024745","2014-06-15 14:00","2014","06","15","14:00"
"-73.58","45.50","MCTAVISH","7024745","2014-06-15 15:00","2014","06","15","15:00"
"-73.58","45.50","MCTAVISH","7024745","2014-06-15 16:00","2014","06","15","16:00"
"-73.58","45.50","MCTAVISH","7024745","2014-06-15 17:00","2014","06","15","17:00"
"-73.58","45.50","MCTAVISH","7024745","2014-06-15 18:00","2014","06","15","18:00"
"-73.58","45.50","MCTAVISH","7024745","2014-06-15 19:00","2014","06","15","19:00"
"-73.58","45.50","MCTAVISH","7024745","2014-06-15 20:00","2014","06","15","20:00"
"-73.58","45.50","MCTAVISH","7024745","2014-06-15 21:00","2014","06","15","21:00"
"-73.58","45.50","MCTAVISH","7024745","2014-06-15 22:00","2014","06","15","22:00"
"-73.58","45.50","MCTAVISH","7024745","2014-06-15 23:00","2014","06","15","23:00"
"-73.58","45.50","MCTAVISH","7024745","2014-06-16 00:00","2014","06","16","00:00"
"-73.58","45.50","MCTAVISH","7024745","2014-06-16 01:00","2014","06","16","01:00"
"-73.58","45.50","MCTAVISH","7024745","2014-06-16 02:00","2014","06","16","02:00"
"-73.58","45.50","MCTAVISH","7024745","2014-06-16 03:00","2014","06","16","03:00"
"-73.58","45.50","MCTAVISH","7024745","2014-06-16 04:00","2014","06","16","04:00"
"-73.58","45.50","MCTAVISH","7024745","2014-06-16 05:00","2014","06","16","05:00"
"-73.58","45.50","MCTAVISH","7024745","2014-06-16 06:00","2014","06","16","06:00"
"-73.58","45.50","MCTAVISH","7024745","2014-06-16 07:00","2014","06","16","07:00"
"-73.58","45.50","MCTAVISH","7024745","2014-06-16 08:00","2014","06","16","08:00"
"-73.58","45.50","MCTAVISH","7024745","2014-06-16 09:00","2014","06","16","09:00"
"-73.58","45.50","MCTAVISH","7024745","2014-06-16 10:00","2014","06","16","10:00"
"-73.58","45.50","MCTAVISH","7024745","2014-06-16 11:00","2014","06","16","11:00"
"-73.58","45.50","MCTAVISH","7024745","2014-06-16 12:00","2014","06","16","12:00"
"-73.58","45.50","MCTAVISH","7024745","2014-06-16 13:00","2014","06","16","13:00"
"-73.58","45.50","MCTAVISH","7024745","2014-06-16 14:00","2014","06","16","14:00"
"-73.58","45.50","MCTAVISH","7024745","2014-06-16 15:00","2014","06","16","15:00"
"-73.58","45.50","MCTAVISH","7024745","2014-06-16 16:00","2014","06","16","16:00"
"-73.58","45.50","MCTAVISH","7024745","2014-06-16 17:00","2014","06","16","17:00"
"-73.58","45.50","MCTAVISH","7024745","2014-06-16 18:00","2014","06","16","18:00"
"-73.58","45.50","MCTAVISH","7024745","2014-06-16 19:00","2014","06","16","19:00"
"-73.58","45.50","MCTAVISH","7024745","2014-06-16 20:00","2014","06","16","20:00"
"-73.58","45.50","MCTAVISH","7024745","2014-06-16 21:00","2014","06","16","21:00"
"-73.58","45.50","MCTAVISH","7024745","2014-06-16 22:00","2014","06","16","22:00"
"-73.58","45.50","MCTAVISH","7024745","2014-06-16 23:00","2014","06","16","23:00"
"-73.58","45.50","MCTAVISH","7024745","2014-06-17 00:00","2014","06","17","00:00"
"-73.58","45.50","MCTAVISH","7024745","2014-06-17 01:00","2014","06","17","01:00"
"-73.58","45.50","MCTAVISH","7024745","2014-06-17 02:00","2014","06","17","02:00"
"-73.58","45.50","MCTAVISH","7024745","2014-06-17 03:00","2014","06","17","03:00"
"-73.58","45.50","MCTAVISH","7024745","2014-06-17 04:00","2014","06","17","04:00"
"-73.58","45.50","MCTAVISH","7024745","2014-06-17 05:00","2014","06","17","05:00"
"-73.58","45.50","MCTAVISH","7024745","2014-06-17 06:00","2014","06","17","06:00"
"-73.58","45.50","MCTAVISH","7024745","2014-06-17 07:00","2014","06","17","07:00"
"-73.58","45.50","MCTAVISH","7024745","2014-06-17 08:00","2014","06","17","08:00"
"-73.58","45.50","MCTAVISH","7024745","2014-06-17 09:00","2014","06","17","09:00"
"-73.58","45.50","MCTAVISH","7024745","2014-06-17 10:00","2014","06","17","10:00"
"-73.58","45.50","MCTAVISH","7024745","2014-06-17 11:00","2014","06","17","11:00"
"-73.58","45.50","MCTAVISH","7024745","2014-06-17 12:00","2014","06","17","12:00"
"-73.58","45.50","MCTAVISH","7024745","2014-06-17 13:00","2014","06","17","13:00"
"-73.58","45.50","MCTAVISH","7024745","2014-06-17 14:00","2014","06","17","14:00"
"-73.58","45.50","MCTAVISH","7024745","2014-06-17 15:00","2014","06","17","15:00"
"-73.58","45.50","MCTAVISH","7024745","2014-06-17 16:00","2014","06","17","16:00"
"-73.58","45.50","MCTAVISH","7024745","2014-06-17 17:00","2014","06","17","17:00"
"-73.58","45.50","MCTAVISH","7024745","2014-06-17 18:00","2014","06","17","18:00"
"-73.58","45.50","MCTAVISH","7024745","2014-06-17 19:00","2014","06","17","19:00"
"-73.58","45.50","MCTAVISH","7024745","2014-06-17 20:00","2014","06","17","20:00"
"-73.58","45.50","MCTAVISH","7024745","2014-06-17 21:00","2014","06","17","21:00"
"-73.58","45.50","MCTAVISH","7024745","2014-06-17 22:00","2014","06","17","22:00"
"-73.58","45.50","MCTAVISH","7024745","2014-06-17 23:00","2014","06","17","23:00"
"-73.58","45.50","MCTAVISH","7024745","2014-06-18 00:00","2014","06","18","00:00"
"-73.58","45.50","MCTAVISH","7024745","2014-06-18 01:00","2014","06","18","01:00"
"-73.58","45.50","MCTAVISH","7024745","2014-06-18 02:00","2014","06","18","02:00"
"-73.58","45.50","MCTAVISH","7024745","2014-06-18 03:00","2014","06","18","03:00"
"-73.58","45.50","MCTAVISH","7024745","2014-06-18 04:00","2014","06","18","04:00"
"-73.58","45.50","MCTAVISH","7024745","2014-06-18 05:00","2014","06","18","05:00"
"-73.58","45.50","MCTAVISH","7024745","2014-06-18 06:00","2014","06","18","06:00"
"-73.58","45.50","MCTAVISH","7024745","2014-06-18 07:00","2014","06","18","07:00"
"-73.58","45.50","MCTAVISH","7024745","2014-06-18 08:00","2014","06","18","08:00"
"-73.58","45.50","MCTAVISH","7024745","2014-06-18 09:00","2014","06","18","09:00"
"-73.58","45.50","MCTAVISH","7024745","2014-06-18 10:00","2014","06","18","10:00"
"-73.58","45.50","MCTAVISH","7024745","2014-06-18 11:00","2014","06","18","11:00"
"-73.58","45.50","MCTAVISH","7024745","2014-06-18 12:00","2014","06","18","12:00"
"-73.58","45.50","MCTAVISH","7024745","2014-06-18 13:00","2014","06","18","13:00"
"-73.58","45.50","MCTAVISH","7024745","2014-06-18 14:00","2014","06","18","14:00"
"-73.58","45.50","MCTAVISH","7024745","2014-06-18 15:00","2014","06","18","15:00"
"-73.58","45.50","MCTAVISH","7024745","2014-06-18 16:00","2014","06","18","16:00"
"-73.58","45.50","MCTAVISH","7024745","2014-06-18 17:00","2014","06","18","17:00"
"-73.58","45.50","MCTAVISH","7024745","2014-06-18 18:00","2014","06","18","18:00"
"-73.58","45.50","MCTAVISH","7024745","2014-06-18 19:00","2014","06","18","19:00"
"-73.58","45.50","MCTAVISH","7024745","2014-06-18 20:00","2014","06","18","20:00"
"-73.58","45.50","MCTAVISH","7024745","2014-06-18 21:00","2014","06","18","21:00"
"-73.58","45.50","MCTAVISH","7024745","2014-06-18 22:00","2014","06","18","22:00"
"-73.58","45.50","MCTAVISH","7024745","2014-06-18 23:00","2014","06","18","23:00"
"-73.58","45.50","MCTAVISH","7024745","2014-06-19 00:00","2014","06","19","00:00"
"-73.58","45.50","MCTAVISH","7024745","2014-06-19 01:00","2014","06","19","01:00"
"-73.58","45.50","MCTAVISH","7024745","2014-06-19 02:00","2014","06","19","02:00"
"-73.58","45.50","MCTAVISH","7024745","2014-06-19 03:00","2014","06","19","03:00"
"-73.58","45.50","MCTAVISH","7024745","2014-06-19 04:00","2014","06","19","04:00"
"-73.58","45.50","MCTAVISH","7024745","2014-06-19 05:00","2014","06","19","05:00"
"-73.58","45.50","MCTAVISH","7024745","2014-06-19 06:00","2014","06","19","06:00"
"-73.58","45.50","MCTAVISH","7024745","2014-06-19 07:00","2014","06","19","07:00"
"-73.58","45.50","MCTAVISH","7024745","2014-06-19 08:00","2014","06","19","08:00"
"-73.58","45.50","MCTAVISH","7024745","2014-06-19 09:00","2014","06","19","09:00"
"-73.58","45.50","MCTAVISH","7024745","2014-06-19 10:00","2014","06","19","10:00"
"-73.58","45.50","MCTAVISH","7024745","2014-06-19 11:00","2014","06","19","11:00","21.1","","4.6","","34","","","M","33","","5","","","","100.87","","","","","","NA"
"-73.58","45.50","MCTAVISH","7024745","2014-06-19 12:00","2014","06","19","12:00","21.8","","5.3","","34","","","M","27","","6","","","","100.85","","","","","","NA"
"-73.58","45.50","MCTAVISH","7024745","2014-06-19 13:00","2014","06","19","13:00","23.4","","6.3","","33","","","M","27","","5","","","","100.80","","","","","","NA"
"-73.58","45.50","MCTAVISH","7024745","2014-06-19 14:00","2014","06","19","14:00","23.7","","3.7","","27","","","M","33","","5","","","","100.76","","","","","","NA"
"-73.58","45.50","MCTAVISH","7024745","2014-06-19 15:00","2014","06","19","15:00","23.4","","4.7","","30","","","M","2","","7","","","","100.74","","","","","","NA"
"-73.58","45.50","MCTAVISH","7024745","2014-06-19 16:00","2014","06","19","16:00","24.4","","3.3","","25","","","M","29","","6","","","","100.70","","","","","","NA"
"-73.58","45.50","MCTAVISH","7024745","2014-06-19 17:00","2014","06","19","17:00","24.1","","2.9","","25","","","M","36","","4","","","","100.67","","","","","","NA"
"-73.58","45.50","MCTAVISH","7024745","2014-06-19 18:00","2014","06","19","18:00","23.9","","2.5","","25","","","M","30","","5","","","","100.66","","","","","","NA"
"-73.58","45.50","MCTAVISH","7024745","2014-06-19 19:00","2014","06","19","19:00","22.3","","3.0","","28","","","M","8","","3","","","","100.67","","","","","","NA"
"-73.58","45.50","MCTAVISH","7024745","2014-06-19 20:00","2014","06","19","20:00","21.3","","2.8","","30","","","M","7","","4","","","","100.68","","","","","","NA"
"-73.58","45.50","MCTAVISH","7024745","2014-06-19 21:00","2014","06","19","21:00","20.1","","2.9","","32","","","M","2","","3","","","","100.72","","","","","","NA"
"-73.58","45.50","MCTAVISH","7024745","2014-06-19 22:00","2014","06","19","22:00","19.1","","3.4","","35","","","M","8","","4","","","","100.75","","","","","","NA"
"-73.58","45.50","MCTAVISH","7024745","2014-06-19 23:00","2014","06","19","23:00","17.9","","3.9","","39","","","M","8","","3","","","","100.76","","","","","","NA"
"-73.58","45.50","MCTAVISH","7024745","2014-06-20 00:00","2014","06","20","00:00","16.9","","4.1","","43","","","M","30","","3","","","","100.76","","","","","","NA"
"-73.58","45.50","MCTAVISH","7024745","2014-06-20 01:00","2014","06","20","01:00","15.8","","4.4","","47","","","M","6","","4","","","","100.80","","","","","","NA"
"-73.58","45.50","MCTAVISH","7024745","2014-06-20 02:00","2014","06","20","02:00","15.2","","4.3","","48","","","M","4","","5","","","","100.81","","","","","","NA"
"-73.58","45.50","MCTAVISH","7024745","2014-06-20 03:00","2014","06","20","03:00","14.3","","3.1","","47","","","M","6","","4","","","","100.83","","","","","","NA"
"-73.58","45.50","MCTAVISH","7024745","2014-06-20 04:00","2014","06","20","04:00","13.6","","3.3","","50","","","M","6","","4","","","","100.84","","","","","","NA"
"-73.58","45.50","MCTAVISH","7024745","2014-06-20 05:00","2014","06","20","05:00","13.4","","3.9","","53","","","M","8","","3","","","","100.83","","","","","","NA"
"-73.58","45.50","MCTAVISH","7024745","2014-06-20 06:00","2014","06","20","06:00","13.7","","3.4","","50","","","M","36","","5","","","","100.87","","","","","","NA"
"-73.58","45.50","MCTAVISH","7024745","2014-06-20 07:00","2014","06","20","07:00","15.0","","3.8","","47","","","M","4","","7","","","","100.88","","","","","","NA"
"-73.58","45.50","MCTAVISH","7024745","2014-06-20 08:00","2014","06","20","08:00","15.7","","3.8","","45","","","M","4","","6","","","","100.86","","","","","","NA"
"-73.58","45.50","MCTAVISH","7024745","2014-06-20 09:00","2014","06","20","09:00","16.1","","4.2","","45","","","M","35","","5","","","","100.83","","","","","","NA"
"-73.58","45.50","MCTAVISH","7024745","2014-06-20 10:00","2014","06","20","10:00","17.3","","3.5","","40","","","M","5","","7","","","","100.80","","","","","","NA"
"-73.58","45.50","MCTAVISH","7024745","2014-06-20 11:00","2014","06","20","11:00","18.1","","2.6","","36","","","M","5","","6","","","","100.78","","","","","","NA"
"-73.58","45.50","MCTAVISH","7024745","2014-06-20 12:00","2014","06","20","12:00","18.7","","3.0","","35","","","M","4","","8","","","","100.75","","","","","","NA"
"-73.58","45.50","MCTAVISH","7024745","2014-06-20 13:00","2014","06","20","13:00","19.4","","3.8","","36","","","M","5","","5","","","","100.70","","","","","","NA"
"-73.58","45.50","MCTAVISH","7024745","2014-06-20 14:00","2014","06","20","14:00","19.9","","3.2","","33","","","M","4","","6","","","","100.65","","","","","","NA"
"-73.58","45.50","MCTAVISH","7024745","2014-06-20 15:00","2014","06","20","15:00","20.2","","4.3","","35","","","M","5","","6","","","","100.64","","","","","","NA"
"-73.58","45.50","MCTAVISH","7024745","2014-06-20 16:00","2014","06","20","16:00","21.2","","4.3","","33","","","M","6","","5","","","","100.61","","","","","","NA"
"-73.58","45.50","MCTAVISH","7024745","2014-06-20 17:00","2014","06","20","17:00","20.3","","4.3","","35","","","M","5","","5","","","","100.62","","","","","","NA"
"-73.58","45.50","MCTAVISH","7024745","2014-06-20 18:00","2014","06","20","18:00","19.4","","4.4","","37","","","M","5","","5","","","","100.62","","","","","","NA"
"-73.58","45.50","MCTAVISH","7024745","2014-06-20 19:00","2014","06","20","19:00","19.2","","3.6","","36","","","M","5","","4","","","","100.64","","","","","","NA"
"-73.58","45.50","MCTAVISH","7024745","2014-06-20 20:00","2014","06","20","20:00","18.4","","5.0","","41","","","M","5","","3","","","","100.65","","","","","","NA"
"-73.58","45.50","MCTAVISH","7024745","2014-06-20 21:00","2014","06","20","21:00","17.7","","5.3","","44","","","M","5","","2","","","","100.68","","","","","","NA"
"-73.58","45.50","MCTAVISH","7024745","2014-06-20 22:00","2014","06","20","22:00","17.3","","6.1","","48","","","M","3","","3","","","","100.66","","","","","","NA"
"-73.58","45.50","MCTAVISH","7024745","2014-06-20 23:00","2014","06","20","23:00","16.1","","6.9","","54","","","M","27","","2","","","","100.65","","","","","","NA"
"-73.58","45.50","MCTAVISH","7024745","2014-06-21 00:00","2014","06","21","00:00","15.3","","5.7","","52","","","M","27","","2","","","","100.65","","","","","","NA"
"-73.58","45.50","MCTAVISH","7024745","2014-06-21 01:00","2014","06","21","01:00","15.2","","5.5","","52","","","M","8","","2","","","","100.64","","","","","","NA"
"-73.58","45.50","MCTAVISH","7024745","2014-06-21 02:00","2014","06","21","02:00","14.7","","5.5","","54","","","M","12","","1","","","","100.63","","","","","","NA"
"-73.58","45.50","MCTAVISH","7024745","2014-06-21 03:00","2014","06","21","03:00","14.5","","5.3","","54","","","M","33","","3","","","","100.62","","","","","","NA"
"-73.58","45.50","MCTAVISH","7024745","2014-06-21 04:00","2014","06","21","04:00","14.2","","5.3","","55","","","M","34","","2","","","","100.63","","","","","","NA"
"-73.58","45.50","MCTAVISH","7024745","2014-06-21 05:00","2014","06","21","05:00","14.1","","5.6","","56","","","M","1","","2","","","","100.63","","","","","","NA"
"-73.58","45.50","MCTAVISH","7024745","2014-06-21 06:00","2014","06","21","06:00","15.1","","6.2","","55","","","M","5","","3","","","","100.64","","","","","","NA"
"-73.58","45.50","MCTAVISH","7024745","2014-06-21 07:00","2014","06","21","07:00","16.0","","5.2","","49","","","M","31","","4","","","","100.69","","","","","","NA"
"-73.58","45.50","MCTAVISH","7024745","2014-06-21 08:00","2014","06","21","08:00","16.9","","4.4","","43","","","M","29","","6","","","","100.68","","","","","","NA"
"-73.58","45.50","MCTAVISH","7024745","2014-06-21 09:00","2014","06","21","09:00","19.1","","4.5","","38","","","M","6","","5","","","","100.63","","","","","","NA"
"-73.58","45.50","MCTAVISH","7024745","2014-06-21 10:00","2014","06","21","10:00","18.8","","4.5","","39","","","M","23","","5","","","","100.60","","","","","","NA"
"-73.58","45.50","MCTAVISH","7024745","2014-06-21 11:00","2014","06","21","11:00","18.9","","5.6","","42","","","M","27","","7","","","","100.55","","","","","","NA"
"-73.58","45.50","MCTAVISH","7024745","2014-06-21 12:00","2014","06","21","12:00","19.0","","4.9","","39","","","M","8","","5","","","","100.51","","","","","","NA"
"-73.58","45.50","MCTAVISH","7024745","2014-06-21 13:00","2014","06","21","13:00","19.9","","3.9","","35","","","M","4","","5","","","","100.47","","","","","","NA"
"-73.58","45.50","MCTAVISH","7024745","2014-06-21 14:00","2014","06","21","14:00","21.4","","5.3","","35","","","M","23","","5","","","","100.46","","","","","","NA"
"-73.58","45.50","MCTAVISH","7024745","2014-06-21 15:00","2014","06","21","15:00","21.0","","4.4","","34","","","M","26","","7","","","","100.44","","","","","","NA"
"-73.58","45.50","MCTAVISH","7024745","2014-06-21 16:00","2014","06","21","16:00","20.9","","4.4","","34","","","M","32","","3","","","","100.42","","","","","","NA"
"-73.58","45.50","MCTAVISH","7024745","2014-06-21 17:00","2014","06","21","17:00","20.6","","4.7","","35","","","M","1","","3","","","","100.41","","","","","","NA"
"-73.58","45.50","MCTAVISH","7024745","2014-06-21 18:00","2014","06","21","18:00","20.4","","5.7","","38","","","M","2","","3","","","","100.43","","","","","","NA"
"-73.58","45.50","MCTAVISH","7024745","2014-06-21 19:00","2014","06","21","19:00","19.7","","6.7","","43","","","M","7","","3","","","","100.42","","","","","","NA"
"-73.58","45.50","MCTAVISH","7024745","2014-06-21 20:00","2014","06","21","20:00","19.2","","7.6","","47","","","M","6","","3","","","","100.43","","","","","","NA"
"-73.58","45.50","MCTAVISH","7024745","2014-06-21 21:00","2014","06","21","21:00","18.7","","8.1","","50","","","M","11","","4","","","","100.46","","","","","","NA"
"-73.58","45.50","MCTAVISH","7024745","2014-06-21 22:00","2014","06","21","22:00","17.9","","8.0","","52","","","M","5","","3","","","","100.49","","","","","","NA"
"-73.58","45.50","MCTAVISH","7024745","2014-06-21 23:00","2014","06","21","23:00","17.1","","8.4","","56","","","M","3","","2","","","","100.51","","","","","","NA"
"-73.58","45.50","MCTAVISH","7024745","2014-06-22 00:00","2014","06","22","00:00","15.5","","8.8","","64","","","M","25","","3","","","","100.54","","","","","","NA"
"-73.58","45.50","MCTAVISH","7024745","2014-06-22 01:00","2014","06","22","01:00","16.4","","8.8","","61","","","M","34","","1","","","","100.57","","","","","","NA"
"-73.58","45.50","MCTAVISH","7024745","2014-06-22 02:00","2014","06","22","02:00","14.5","","7.9","","65","","","M","26","","2","","","","100.55","","","","","","NA"
"-73.58","45.50","MCTAVISH","7024745","2014-06-22 03:00","2014","06","22","03:00","13.8","","7.3","","65","","","M","27","","4","","","","100.55","","","","","","NA"
"-73.58","45.50","MCTAVISH","7024745","2014-06-22 04:00","2014","06","22","04:00","14.1","","8.4","","68","","","M","29","","3","","","","100.56","","","","","","NA"
"-73.58","45.50","MCTAVISH","7024745","2014-06-22 05:00","2014","06","22","05:00","14.9","","8.8","","67","","","M","31","","2","","","","100.61","","","","","","NA"
"-73.58","45.50","MCTAVISH","7024745","2014-06-22 06:00","2014","06","22","06:00","16.2","","9.4","","64","","","M","5","","2","","","","100.63","","","","","","NA"
"-73.58","45.50","MCTAVISH","7024745","2014-06-22 07:00","2014","06","22","07:00","17.8","","8.4","","54","","","M","7","","2","","","","100.67","","","","","","NA"
"-73.58","45.50","MCTAVISH","7024745","2014-06-22 08:00","2014","06","22","08:00","18.9","","9.5","","54","","","M","7","","3","","","","100.68","","","","","","NA"
"-73.58","45.50","MCTAVISH","7024745","2014-06-22 09:00","2014","06","22","09:00","20.8","","8.7","","46","","","M","11","","3","","","","100.69","","","","","","NA"
"-73.58","45.50","MCTAVISH","7024745","2014-06-22 10:00","2014","06","22","10:00","21.1","","8.6","","45","","","M","6","","4","","","","100.69","","","","","","NA"
"-73.58","45.50","MCTAVISH","7024745","2014-06-22 11:00","2014","06","22","11:00","21.4","","8.7","","44","","","M","5","","5","","","","100.65","","","","","","NA"
"-73.58","45.50","MCTAVISH","7024745","2014-06-22 12:00","2014","06","22","12:00","21.5","","7.9","","42","","","M","7","","5","","","","100.63","","","","","","NA"
"-73.58","45.50","MCTAVISH","7024745","2014-06-22 13:00","2014","06","22","13:00","23.3","","8.5","","39","","","M","5","","3","","","","100.61","","","","","","NA"
"-73.58","45.50","MCTAVISH","7024745","2014-06-22 14:00","2014","06","22","14:00","23.4","","7.1","","35","","","M","5","","6","","","","100.60","","","","","","NA"
"-73.58","45.50","MCTAVISH","7024745","2014-06-22 15:00","2014","06","22","15:00","23.0","","6.6","","35","","","M","7","","6","","","","100.60","","","","","","NA"
"-73.58","45.50","MCTAVISH","7024745","2014-06-22 16:00","2014","06","22","16:00","24.1","","6.4","","32","","","M","7","","5","","","","100.61","","","","","","NA"
"-73.58","45.50","MCTAVISH","7024745","2014-06-22 17:00","2014","06","22","17:00","24.4","","6.8","","32","","","M","8","","3","","","","100.61","","","","","","NA"
"-73.58","45.50","MCTAVISH","7024745","2014-06-22 18:00","2014","06","22","18:00","22.9","","8.8","","41","","","M","23","","7","","","","100.61","","","","","","NA"
"-73.58","45.50","MCTAVISH","7024745","2014-06-22 19:00","2014","06","22","19:00","21.1","","8.1","","43","","","M","24","","6","","","","100.63","","","","","","NA"
"-73.58","45.50","MCTAVISH","7024745","2014-06-22 20:00","2014","06","22","20:00","18.9","","9.4","","54","","","M","25","","4","","","","100.63","","","","","","NA"
"-73.58","45.50","MCTAVISH","7024745","2014-06-22 21:00","2014","06","22","21:00","19.2","","9.5","","53","","","M","26","","6","","","","100.68","","","","","","NA"
"-73.58","45.50","MCTAVISH","7024745","2014-06-22 22:00","2014","06","22","22:00","18.0","","9.9","","59","","","M","26","","5","","","","100.70","","","","","","NA"
"-73.58","45.50","MCTAVISH","7024745","2014-06-22 23:00","2014","06","22","23:00","18.2","","9.3","","56","","","M","22","","4","","","","100.70","","","","","","NA"
"-73.58","45.50","MCTAVISH","7024745","2014-06-23 00:00","2014","06","23","00:00","17.6","","9.1","","58","","","M","22","","4","","","","100.71","","","","","","NA"
"-73.58","45.50","MCTAVISH","7024745","2014-06-23 01:00","2014","06","23","01:00","18.1","","9.6","","58","","","M","18","","4","","","","100.76","","","","","","NA"
"-73.58","45.50","MCTAVISH","7024745","2014-06-23 02:00","2014","06","23","02:00","17.8","","9.3","","58","","","M","18","","2","","","","100.80","","","","","","NA"
"-73.58","45.50","MCTAVISH","7024745","2014-06-23 03:00","2014","06","23","03:00","16.5","","9.3","","63","","","M","25","","2","","","","100.82","","","","","","NA"
"-73.58","45.50","MCTAVISH","7024745","2014-06-23 04:00","2014","06","23","04:00","14.8","","10.2","","74","","","M","23","","4","","","","100.84","","","","","","NA"
"-73.58","45.50","MCTAVISH","7024745","2014-06-23 05:00","2014","06","23","05:00","16.8","","12.0","","73","","","M","18","","3","","","","100.90","","","","","","NA"
"-73.58","45.50","MCTAVISH","7024745","2014-06-23 06:00","2014","06","23","06:00","17.8","","12.7","","72","","","M","14","","3","","","","100.97","","","","","","NA"
"-73.58","45.50","MCTAVISH","7024745","2014-06-23 07:00","2014","06","23","07:00","20.6","","13.5","","64","","","M","15","","3","","","","101.00","","","","","","NA"
"-73.58","45.50","MCTAVISH","7024745","2014-06-23 08:00","2014","06","23","08:00","22.1","","12.0","","53","","","M","10","","6","","","","100.99","","","","","","NA"
"-73.58","45.50","MCTAVISH","7024745","2014-06-23 09:00","2014","06","23","09:00","23.3","","10.9","","45","","","M","12","","6","","","","100.97","","25","","","","NA"
"-73.58","45.50","MCTAVISH","7024745","2014-06-23 10:00","2014","06","23","10:00","24.6","","11.2","","43","","","M","9","","6","","","","100.93","","26","","","","NA"
"-73.58","45.50","MCTAVISH","7024745","2014-06-23 11:00","2014","06","23","11:00","25.7","","10.6","","39","","","M","15","","5","","","","100.91","","27","","","","NA"
"-73.58","45.50","MCTAVISH","7024745","2014-06-23 12:00","2014","06","23","12:00","26.0","","10.0","","36","","","M","19","","8","","","","100.87","","27","","","","NA"
"-73.58","45.50","MCTAVISH","7024745","2014-06-23 13:00","2014","06","23","13:00","26.2","","9.5","","35","","","M","15","","7","","","","100.86","","27","","","","NA"
"-73.58","45.50","MCTAVISH","7024745","2014-06-23 14:00","2014","06","23","14:00","26.8","","8.2","","31","","","M","20","","6","","","","100.83","","27","","","","NA"
"-73.58","45.50","MCTAVISH","7024745","2014-06-23 15:00","2014","06","23","15:00","26.6","","8.6","","32","","","M","18","","7","","","","100.81","","27","","","","NA"
"-73.58","45.50","MCTAVISH","7024745","2014-06-23 16:00","2014","06","23","16:00","26.0","","8.0","","32","","","M","18","","5","","","","100.79","","26","","","","NA"
"-73.58","45.50","MCTAVISH","7024745","2014-06-23 17:00","2014","06","23","17:00","26.0","","8.5","","33","","","M","18","","4","","","","100.75","","27","","","","NA"
"-73.58","45.50","MCTAVISH","7024745","2014-06-23 18:00","2014","06","23","18:00","25.7","","9.9","","37","","","M","17","","4","","","","100.72","","27","","","","NA"
"-73.58","45.50","MCTAVISH","7024745","2014-06-23 19:00","2014","06","23","19:00","24.6","","11.4","","43","","","M","19","","2","","","","100.69","","27","","","","NA"
"-73.58","45.50","MCTAVISH","7024745","2014-06-23 20:00","2014","06","23","20:00","22.4","","12.5","","53","","","M","22","","3","","","","100.66","","25","","","","NA"
"-73.58","45.50","MCTAVISH","7024745","2014-06-23 21:00","2014","06","23","21:00","23.4","","12.5","","50","","","M","17","","2","","","","100.66","","26","","","","NA"
"-73.58","45.50","MCTAVISH","7024745","2014-06-23 22:00","2014","06","23","22:00","23.0","","12.5","","52","","","M","17","","3","","","","100.64","","26","","","","NA"
"-73.58","45.50","MCTAVISH","7024745","2014-06-23 23:00","2014","06","23","23:00","21.6","","13.7","","61","","","M","20","","4","","","","100.63","","25","","","","NA"
"-73.58","45.50","MCTAVISH","7024745","2014-06-24 00:00","2014","06","24","00:00","22.2","","13.9","","59","","","M","18","","5","","","","100.60","","26","","","","NA"
"-73.58","45.50","MCTAVISH","7024745","2014-06-24 01:00","2014","06","24","01:00","21.9","","14.2","","62","","","M","17","","2","","","","100.59","","25","","","","NA"
"-73.58","45.50","MCTAVISH","7024745","2014-06-24 02:00","2014","06","24","02:00","21.6","","14.3","","63","","","M","16","","3","","","","100.59","","25","","","","NA"
"-73.58","45.50","MCTAVISH","7024745","2014-06-24 03:00","2014","06","24","03:00","20.6","","15.3","","72","","","M","19","","3","","","","100.62","","25","","","","NA"
"-73.58","45.50","MCTAVISH","7024745","2014-06-24 04:00","2014","06","24","04:00","19.4","","16.2","","82","","","M","22","","4","","","","100.63","","","","","","NA"
"-73.58","45.50","MCTAVISH","7024745","2014-06-24 05:00","2014","06","24","05:00","20.4","","15.7","","75","","","M","18","","5","","","","100.64","","25","","","","NA"
"-73.58","45.50","MCTAVISH","7024745","2014-06-24 06:00","2014","06","24","06:00","20.7","","16.2","","75","","","M","17","","4","","","","100.65","","25","","","","NA"
"-73.58","45.50","MCTAVISH","7024745","2014-06-24 07:00","2014","06","24","07:00","21.7","","16.7","","73","","","M","17","","4","","","","100.63","","27","","","","NA"
"-73.58","45.50","MCTAVISH","7024745","2014-06-24 08:00","2014","06","24","08:00","21.7","","17.0","","75","","","M","16","","5","","","","100.62","","27","","","","NA"
"-73.58","45.50","MCTAVISH","7024745","2014-06-24 09:00","2014","06","24","09:00","20.9","","16.6","","76","","","M","15","","5","","","","100.59","","26","","","","NA"
"-73.58","45.50","MCTAVISH","7024745","2014-06-24 10:00","2014","06","24","10:00","19.4","","17.3","","88","","","M","15","","4","","","","100.57","","","","","","NA"
"-73.58","45.50","MCTAVISH","7024745","2014-06-24 11:00","2014","06","24","11:00","19.7","","18.3","","91","","","M","15","","4","","","","100.53","","","","","","NA"
"-73.58","45.50","MCTAVISH","7024745","2014-06-24 12:00","2014","06","24","12:00","20.2","","18.1","","88","","","M","15","","4","","","","100.47","","26","","","","NA"
"-73.58","45.50","MCTAVISH","7024745","2014-06-24 13:00","2014","06","24","13:00","19.8","","18.3","","91","","","M","16","","4","","","","100.41","","","","","","NA"
"-73.58","45.50","MCTAVISH","7024745","2014-06-24 14:00","2014","06","24","14:00","19.3","","18.4","","94","","","M","16","","5","","","","100.36","","","","","","NA"
"-73.58","45.50","MCTAVISH","7024745","2014-06-24 15:00","2014","06","24","15:00","18.9","","18.4","","97","","","M","19","","5","","","","100.32","","","","","","NA"
"-73.58","45.50","MCTAVISH","7024745","2014-06-24 16:00","2014","06","24","16:00","19.2","","18.8","","97","","","M","17","","5","","","","100.21","","","","","","NA"
"-73.58","45.50","MCTAVISH","7024745","2014-06-24 17:00","2014","06","24","17:00","20.0","","18.9","","93","","","M","17","","4","","","","100.15","","27","","","","NA"
"-73.58","45.50","MCTAVISH","7024745","2014-06-24 18:00","2014","06","24","18:00","20.6","","19.2","","92","","","M","18","","3","","","","100.10","","28","","","","NA"
"-73.58","45.50","MCTAVISH","7024745","2014-06-24 19:00","2014","06","24","19:00","21.5","","19.5","","88","","","M","25","","8","","","","100.16","","29","","","","NA"
"-73.58","45.50","MCTAVISH","7024745","2014-06-24 20:00","2014","06","24","20:00","20.7","","19.6","","93","","","M","","M","0","","","","100.12","","28","","","","NA"
"-73.58","45.50","MCTAVISH","7024745","2014-06-24 21:00","2014","06","24","21:00","20.4","","19.8","","97","","","M","","M","1","","","","100.12","","28","","","","NA"
"-73.58","45.50","MCTAVISH","7024745","2014-06-24 22:00","2014","06","24","22:00","19.5","","19.2","","99","","","M","32","","4","","","","100.11","","","","","","NA"
"-73.58","45.50","MCTAVISH","7024745","2014-06-24 23:00","2014","06","24","23:00","19.4","","19.4","","100","","","M","3","","3","","","","100.04","","","","","","NA"
"-73.58","45.50","MCTAVISH","7024745","2014-06-25 00:00","2014","06","25","00:00","19.4","","19.4","","100","","","M","30","","2","","","","100.08","","","","","","NA"
"-73.58","45.50","MCTAVISH","7024745","2014-06-25 01:00","2014","06","25","01:00","19.4","","19.3","","99","","","M","31","","2","","","","100.09","","","","","","NA"
"-73.58","45.50","MCTAVISH","7024745","2014-06-25 02:00","2014","06","25","02:00","19.0","","18.9","","99","","","M","9","","2","","","","100.14","","","","","","NA"
"-73.58","45.50","MCTAVISH","7024745","2014-06-25 03:00","2014","06","25","03:00","19.0","","18.8","","99","","","M","2","","4","","","","100.18","","","","","","NA"
"-73.58","45.50","MCTAVISH","7024745","2014-06-25 04:00","2014","06","25","04:00","19.0","","18.4","","97","","","M","4","","3","","","","100.23","","","","","","NA"
"-73.58","45.50","MCTAVISH","7024745","2014-06-25 05:00","2014","06","25","05:00","18.7","","17.8","","95","","","M","4","","5","","","","100.30","","","","","","NA"
"-73.58","45.50","MCTAVISH","7024745","2014-06-25 06:00","2014","06","25","06:00","18.4","","16.5","","89","","","M","4","","5","","","","100.32","","","","","","NA"
"-73.58","45.50","MCTAVISH","7024745","2014-06-25 07:00","2014","06","25","07:00","18.4","","16.2","","87","","","M","6","","4","","","","100.39","","","","","","NA"
"-73.58","45.50","MCTAVISH","7024745","2014-06-25 08:00","2014","06","25","08:00","18.5","","15.9","","85","","","M","6","","4","","","","100.44","","","","","","NA"
"-73.58","45.50","MCTAVISH","7024745","2014-06-25 09:00","2014","06","25","09:00","19.4","","16.2","","82","","","M","5","","5","","","","100.44","","","","","","NA"
"-73.58","45.50","MCTAVISH","7024745","2014-06-25 10:00","2014","06","25","10:00","20.0","","16.4","","80","","","M","5","","4","","","","100.48","","25","","","","NA"
"-73.58","45.50","MCTAVISH","7024745","2014-06-25 11:00","2014","06","25","11:00","20.9","","16.9","","78","","","M","6","","3","","","","100.49","","26","","","","NA"
"-73.58","45.50","MCTAVISH","7024745","2014-06-25 12:00","2014","06","25","12:00","21.7","","17.0","","75","","","M","3","","5","","","","100.48","","27","","","","NA"
"-73.58","45.50","MCTAVISH","7024745","2014-06-25 13:00","2014","06","25","13:00","23.2","","17.4","","70","","","M","5","","6","","","","100.45","","29","","","","NA"
"-73.58","45.50","MCTAVISH","7024745","2014-06-25 14:00","2014","06","25","14:00","23.3","","17.4","","70","","","M","3","","4","","","","100.44","","29","","","","NA"
"-73.58","45.50","MCTAVISH","7024745","2014-06-25 15:00","2014","06","25","15:00","23.3","","17.1","","68","","","M","4","","4","","","","100.42","","29","","","","NA"
"-73.58","45.50","MCTAVISH","7024745","2014-06-25 16:00","2014","06","25","16:00","23.4","","16.7","","66","","","M","6","","4","","","","100.40","","28","","","","NA"
"-73.58","45.50","MCTAVISH","7024745","2014-06-25 17:00","2014","06","25","17:00","22.8","","16.4","","67","","","M","4","","5","","","","100.39","","28","","","","NA"
"-73.58","45.50","MCTAVISH","7024745","2014-06-25 18:00","2014","06","25","18:00","22.6","","16.4","","68","","","M","5","","5","","","","100.39","","27","","","","NA"
"-73.58","45.50","MCTAVISH","7024745","2014-06-25 19:00","2014","06","25","19:00","22.2","","16.5","","70","","","M","5","","3","","","","100.39","","27","","","","NA"
"-73.58","45.50","MCTAVISH","7024745","2014-06-25 20:00","2014","06","25","20:00","21.7","","15.1","","66","","","M","5","","3","","","","100.39","","26","","","","NA"
"-73.58","45.50","MCTAVISH","7024745","2014-06-25 21:00","2014","06","25","21:00","21.1","","14.9","","68","","","M","3","","3","","","","100.42","","25","","","","NA"
"-73.58","45.50","MCTAVISH","7024745","2014-06-25 22:00","2014","06","25","22:00","20.6","","14.8","","69","","","M","1","","2","","","","100.39","","","","","","NA"
"-73.58","45.50","MCTAVISH","7024745","2014-06-25 23:00","2014","06","25","23:00"
"-73.58","45.50","MCTAVISH","7024745","2014-06-26 00:00","2014","06","26","00:00","19.5","","14.5","","73","","","M","33","","3","","","","100.36","","","","","","NA"
"-73.58","45.50","MCTAVISH","7024745","2014-06-26 01:00","2014","06","26","01:00","19.1","","15.1","","78","","","M","3","","3","","","","100.32","","","","","","NA"
"-73.58","45.50","MCTAVISH","7024745","2014-06-26 02:00","2014","06","26","02:00","18.8","","15.0","","78","","","M","3","","3","","","","100.32","","","","","","NA"
"-73.58","45.50","MCTAVISH","7024745","2014-06-26 03:00","2014","06","26","03:00","18.0","","14.3","","79","","","M","9","","3","","","","100.33","","","","","","NA"
"-73.58","45.50","MCTAVISH","7024745","2014-06-26 04:00","2014","06","26","04:00","17.5","","13.7","","79","","","M","5","","3","","","","100.36","","","","","","NA"
"-73.58","45.50","MCTAVISH","7024745","2014-06-26 05:00","2014","06","26","05:00","17.8","","14.3","","80","","","M","6","","3","","","","100.40","","","","","","NA"
"-73.58","45.50","MCTAVISH","7024745","2014-06-26 06:00","2014","06","26","06:00","18.8","","14.2","","75","","","M","5","","4","","","","100.44","","","","","","NA"
"-73.58","45.50","MCTAVISH","7024745","2014-06-26 07:00","2014","06","26","07:00","19.4","","14.1","","71","","","M","5","","5","","","","100.48","","","","","","NA"
"-73.58","45.50","MCTAVISH","7024745","2014-06-26 08:00","2014","06","26","08:00","21.7","","15.0","","66","","","M","4","","6","","","","100.51","","26","","","","NA"
"-73.58","45.50","MCTAVISH","7024745","2014-06-26 09:00","2014","06","26","09:00","22.8","","14.7","","60","","","M","7","","4","","","","100.53","","27","","","","NA"
"-73.58","45.50","MCTAVISH","7024745","2014-06-26 10:00","2014","06","26","10:00","23.7","","14.5","","56","","","M","5","","7","","","","100.54","","27","","","","NA"
"-73.58","45.50","MCTAVISH","7024745","2014-06-26 11:00","2014","06","26","11:00","24.2","","13.7","","52","","","M","5","","7","","","","100.56","","27","","","","NA"
"-73.58","45.50","MCTAVISH","7024745","2014-06-26 12:00","2014","06","26","12:00","24.8","","13.9","","51","","","M","5","","8","","","","100.55","","28","","","","NA"
"-73.58","45.50","MCTAVISH","7024745","2014-06-26 13:00","2014","06","26","13:00","25.2","","9.8","","38","","","M","5","","7","","","","100.55","","26","","","","NA"
"-73.58","45.50","MCTAVISH","7024745","2014-06-26 14:00","2014","06","26","14:00","25.6","","10.5","","39","","","M","6","","7","","","","100.54","","27","","","","NA"
"-73.58","45.50","MCTAVISH","7024745","2014-06-26 15:00","2014","06","26","15:00","25.7","","8.8","","34","","","M","6","","7","","","","100.52","","26","","","","NA"
"-73.58","45.50","MCTAVISH","7024745","2014-06-26 16:00","2014","06","26","16:00","26.3","","7.3","","30","","","M","4","","5","","","","100.53","","26","","","","NA"
"-73.58","45.50","MCTAVISH","7024745","2014-06-26 17:00","2014","06","26","17:00","26.0","","7.3","","31","","","M","6","","4","","","","100.53","","26","","","","NA"
"-73.58","45.50","MCTAVISH","7024745","2014-06-26 18:00","2014","06","26","18:00","25.7","","6.4","","29","","","M","4","","3","","","","100.57","","25","","","","NA"
"-73.58","45.50","MCTAVISH","7024745","2014-06-26 19:00","2014","06","26","19:00","22.4","","8.4","","41","","","M","27","","4","","","","100.61","","","","","","NA"
"-73.58","45.50","MCTAVISH","7024745","2014-06-26 20:00","2014","06","26","20:00","21.1","","9.3","","47","","","M","26","","3","","","","100.65","","","","","","NA"
"-73.58","45.50","MCTAVISH","7024745","2014-06-26 21:00","2014","06","26","21:00","20.5","","9.3","","49","","","M","26","","2","","","","100.71","","","","","","NA"
"-73.58","45.50","MCTAVISH","7024745","2014-06-26 22:00","2014","06","26","22:00","19.8","","9.6","","52","","","M","28","","4","","","","100.72","","","","","","NA"
"-73.58","45.50","MCTAVISH","7024745","2014-06-26 23:00","2014","06","26","23:00","20.1","","8.8","","48","","","M","26","","3","","","","100.76","","","","","","NA"
"-73.58","45.50","MCTAVISH","7024745","2014-06-27 00:00","2014","06","27","00:00","19.5","","9.2","","51","","","M","24","","2","","","","100.79","","","","","","NA"
"-73.58","45.50","MCTAVISH","7024745","2014-06-27 01:00","2014","06","27","01:00","19.2","","8.8","","51","","","M","26","","3","","","","100.83","","","","","","NA"
"-73.58","45.50","MCTAVISH","7024745","2014-06-27 02:00","2014","06","27","02:00","18.3","","10.3","","60","","","M","28","","3","","","","100.85","","","","","","NA"
"-73.58","45.50","MCTAVISH","7024745","2014-06-27 03:00","2014","06","27","03:00","17.8","","11.2","","65","","","M","25","","2","","","","100.89","","","","","","NA"
"-73.58","45.50","MCTAVISH","7024745","2014-06-27 04:00","2014","06","27","04:00","17.9","","11.8","","67","","","M","26","","3","","","","100.95","","","","","","NA"
"-73.58","45.50","MCTAVISH","7024745","2014-06-27 05:00","2014","06","27","05:00","19.2","","12.7","","66","","","M","24","","2","","","","101.00","","","","","","NA"
"-73.58","45.50","MCTAVISH","7024745","2014-06-27 06:00","2014","06","27","06:00","21.4","","13.8","","62","","","M","","M","1","","","","101.07","","25","","","","NA"
"-73.58","45.50","MCTAVISH","7024745","2014-06-27 07:00","2014","06","27","07:00","23.0","","13.7","","56","","","M","4","","1","","","","101.12","","26","","","","NA"
"-73.58","45.50","MCTAVISH","7024745","2014-06-27 08:00","2014","06","27","08:00","24.3","","15.7","","59","","","M","9","","6","","","","101.16","","29","","","","NA"
"-73.58","45.50","MCTAVISH","7024745","2014-06-27 09:00","2014","06","27","09:00","25.9","","14.0","","48","","","M","36","","3","","","","101.16","","29","","","","NA"
"-73.58","45.50","MCTAVISH","7024745","2014-06-27 10:00","2014","06","27","10:00","26.1","","15.7","","53","","","M","8","","3","","","","101.18","","31","","","","NA"
"-73.58","45.50","MCTAVISH","7024745","2014-06-27 11:00","2014","06","27","11:00","27.1","","15.1","","48","","","M","6","","4","","","","101.18","","31","","","","NA"
"-73.58","45.50","MCTAVISH","7024745","2014-06-27 12:00","2014","06","27","12:00","27.9","","8.7","","30","","","M","4","","4","","","","101.14","","29","","","","NA"
"-73.58","45.50","MCTAVISH","7024745","2014-06-27 13:00","2014","06","27","13:00","28.2","","3.1","","20","","","M","11","","4","","","","101.13","","27","","","","NA"
"-73.58","45.50","MCTAVISH","7024745","2014-06-27 14:00","2014","06","27","14:00","28.1","","4.6","","22","","","M","6","","6","","","","101.11","","27","","","","NA"
"-73.58","45.50","MCTAVISH","7024745","2014-06-27 15:00","2014","06","27","15:00","27.8","","5.6","","24","","","M","15","","6","","","","101.09","","27","","","","NA"
"-73.58","45.50","MCTAVISH","7024745","2014-06-27 16:00","2014","06","27","16:00","27.5","","12.5","","39","","","M","26","","4","","","","101.12","","30","","","","NA"
"-73.58","45.50","MCTAVISH","7024745","2014-06-27 17:00","2014","06","27","17:00","26.9","","12.4","","41","","","M","25","","5","","","","101.10","","29","","","","NA"
"-73.58","45.50","MCTAVISH","7024745","2014-06-27 18:00","2014","06","27","18:00","25.1","","11.8","","43","","","M","26","","4","","","","101.14","","27","","","","NA"
"-73.58","45.50","MCTAVISH","7024745","2014-06-27 19:00","2014","06","27","19:00","22.8","","11.7","","50","","","M","23","","4","","","","101.18","","25","","","","NA"
"-73.58","45.50","MCTAVISH","7024745","2014-06-27 20:00","2014","06","27","20:00","21.7","","11.0","","51","","","M","25","","4","","","","101.19","","","","","","NA"
"-73.58","45.50","MCTAVISH","7024745","2014-06-27 21:00","2014","06","27","21:00","21.5","","11.4","","53","","","M","25","","5","","","","101.22","","","","","","NA"
"-73.58","45.50","MCTAVISH","7024745","2014-06-27 22:00","2014","06","27","22:00","20.9","","10.9","","53","","","M","25","","4","","","","101.21","","","","","","NA"
"-73.58","45.50","MCTAVISH","7024745","2014-06-27 23:00","2014","06","27","23:00","21.2","","10.9","","52","","","M","22","","5","","","","101.22","","","","","","NA"
"-73.58","45.50","MCTAVISH","7024745","2014-06-28 00:00","2014","06","28","00:00","21.1","","10.7","","51","","","M","21","","4","","","","101.23","","","","","","NA"
"-73.58","45.50","MCTAVISH","7024745","2014-06-28 01:00","2014","06","28","01:00","21.1","","10.1","","50","","","M","21","","5","","","","101.28","","","","","","NA"
"-73.58","45.50","MCTAVISH","7024745","2014-06-28 02:00","2014","06","28","02:00","22.4","","9.9","","45","","","M","23","","6","","","","101.33","","","","","","NA"
"-73.58","45.50","MCTAVISH","7024745","2014-06-28 03:00","2014","06","28","03:00","20.7","","11.5","","56","","","M","","M","1","","","","101.35","","","","","","NA"
"-73.58","45.50","MCTAVISH","7024745","2014-06-28 04:00","2014","06","28","04:00","19.6","","12.0","","62","","","M","","M","1","","","","101.40","","","","","","NA"
"-73.58","45.50","MCTAVISH","7024745","2014-06-28 05:00","2014","06","28","05:00","18.4","","12.5","","68","","","M","21","","2","","","","101.47","","","","","","NA"
"-73.58","45.50","MCTAVISH","7024745","2014-06-28 06:00","2014","06","28","06:00","20.6","","15.2","","72","","","M","19","","3","","","","101.49","","25","","","","NA"
"-73.58","45.50","MCTAVISH","7024745","2014-06-28 07:00","2014","06","28","07:00","22.0","","15.3","","66","","","M","15","","3","","","","101.54","","26","","","","NA"
"-73.58","45.50","MCTAVISH","7024745","2014-06-28 08:00","2014","06","28","08:00","23.8","","14.3","","56","","","M","12","","4","","","","101.57","","27","","","","NA"
"-73.58","45.50","MCTAVISH","7024745","2014-06-28 09:00","2014","06","28","09:00","24.8","","14.3","","52","","","M","11","","4","","","","101.56","","28","","","","NA"
"-73.58","45.50","MCTAVISH","7024745","2014-06-28 10:00","2014","06","28","10:00","25.7","","13.5","","47","","","M","13","","4","","","","101.53","","29","","","","NA"
"-73.58","45.50","MCTAVISH","7024745","2014-06-28 11:00","2014","06","28","11:00","27.3","","13.0","","41","","","M","19","","6","","","","101.50","","30","","","","NA"
"-73.58","45.50","MCTAVISH","7024745","2014-06-28 12:00","2014","06","28","12:00","27.5","","12.8","","40","","","M","15","","7","","","","101.48","","30","","","","NA"
"-73.58","45.50","MCTAVISH","7024745","2014-06-28 13:00","2014","06","28","13:00","28.9","","10.9","","33","","","M","19","","6","","","","101.44","","31","","","","NA"
"-73.58","45.50","MCTAVISH","7024745","2014-06-28 14:00","2014","06","28","14:00","28.9","","10.3","","31","","","M","24","","9","","","","101.40","","30","","","","NA"
"-73.58","45.50","MCTAVISH","7024745","2014-06-28 15:00","2014","06","28","15:00","29.3","","7.9","","26","","","M","20","","7","","","","101.38","","30","","","","NA"
"-73.58","45.50","MCTAVISH","7024745","2014-06-28 16:00","2014","06","28","16:00","29.3","","9.2","","29","","","M","23","","5","","","","101.35","","30","","","","NA"
"-73.58","45.50","MCTAVISH","7024745","2014-06-28 17:00","2014","06","28","17:00","27.8","","11.3","","36","","","M","26","","5","","","","101.33","","30","","","","NA"
"-73.58","45.50","MCTAVISH","7024745","2014-06-28 18:00","2014","06","28","18:00","25.8","","13.5","","47","","","M","26","","5","","","","101.30","","29","","","","NA"
"-73.58","45.50","MCTAVISH","7024745","2014-06-28 19:00","2014","06","28","19:00","23.4","","13.5","","54","","","M","26","","4","","","","101.27","","26","","","","NA"
"-73.58","45.50","MCTAVISH","7024745","2014-06-28 20:00","2014","06","28","20:00","23.8","","12.9","","51","","","M","23","","4","","","","101.31","","27","","","","NA"
"-73.58","45.50","MCTAVISH","7024745","2014-06-28 21:00","2014","06","28","21:00","23.2","","12.1","","50","","","M","24","","4","","","","101.30","","26","","","","NA"
"-73.58","45.50","MCTAVISH","7024745","2014-06-28 22:00","2014","06","28","22:00","22.7","","9.9","","44","","","M","23","","3","","","","101.28","","","","","","NA"
"-73.58","45.50","MCTAVISH","7024745","2014-06-28 23:00","2014","06","28","23:00","22.3","","10.1","","46","","","M","23","","4","","","","101.27","","","","","","NA"
"-73.58","45.50","MCTAVISH","7024745","2014-06-29 00:00","2014","06","29","00:00","24.1","","10.1","","41","","","M","19","","6","","","","101.26","","25","","","","NA"
"-73.58","45.50","MCTAVISH","7024745","2014-06-29 01:00","2014","06","29","01:00","22.8","","13.5","","56","","","M","18","","6","","","","101.25","","26","","","","NA"
"-73.58","45.50","MCTAVISH","7024745","2014-06-29 02:00","2014","06","29","02:00","22.0","","14.0","","60","","","M","20","","6","","","","101.26","","25","","","","NA"
"-73.58","45.50","MCTAVISH","7024745","2014-06-29 03:00","2014","06","29","03:00","22.4","","13.9","","59","","","M","18","","3","","","","101.24","","26","","","","NA"
"-73.58","45.50","MCTAVISH","7024745","2014-06-29 04:00","2014","06","29","04:00","22.1","","14.1","","60","","","M","17","","3","","","","101.26","","26","","","","NA"
"-73.58","45.50","MCTAVISH","7024745","2014-06-29 05:00","2014","06","29","05:00","19.9","","15.4","","75","","","M","20","","4","","","","101.28","","","","","","NA"
"-73.58","45.50","MCTAVISH","7024745","2014-06-29 06:00","2014","06","29","06:00","21.4","","16.2","","72","","","M","17","","3","","","","101.29","","26","","","","NA"
"-73.58","45.50","MCTAVISH","7024745","2014-06-29 07:00","2014","06","29","07:00","22.2","","14.9","","63","","","M","16","","4","","","","101.28","","26","","","","NA"
"-73.58","45.50","MCTAVISH","7024745","2014-06-29 08:00","2014","06","29","08:00","23.2","","15.0","","60","","","M","16","","4","","","","101.30","","27","","","","NA"
"-73.58","45.50","MCTAVISH","7024745","2014-06-29 09:00","2014","06","29","09:00","25.3","","15.2","","53","","","M","16","","4","","","","101.21","","29","","","","NA"
"-73.58","45.50","MCTAVISH","7024745","2014-06-29 10:00","2014","06","29","10:00","26.6","","15.6","","51","","","M","7","","5","","","","101.17","","31","","","","NA"
"-73.58","45.50","MCTAVISH","7024745","2014-06-29 11:00","2014","06","29","11:00","28.1","","16.9","","50","","","M","15","","6","","","","101.11","","33","","","","NA"
"-73.58","45.50","MCTAVISH","7024745","2014-06-29 12:00","2014","06","29","12:00","29.3","","17.9","","50","","","M","15","","5","","","","101.01","","35","","","","NA"
"-73.58","45.50","MCTAVISH","7024745","2014-06-29 13:00","2014","06","29","13:00","29.6","","16.9","","47","","","M","12","","6","","","","100.95","","35","","","","NA"
"-73.58","45.50","MCTAVISH","7024745","2014-06-29 14:00","2014","06","29","14:00","30.2","","15.4","","41","","","M","14","","8","","","","100.87","","34","","","","NA"
"-73.58","45.50","MCTAVISH","7024745","2014-06-29 15:00","2014","06","29","15:00","30.4","","15.9","","41","","","M","15","","8","","","","100.81","","35","","","","NA"
"-73.58","45.50","MCTAVISH","7024745","2014-06-29 16:00","2014","06","29","16:00","30.3","","13.5","","36","","","M","11","","7","","","","100.73","","33","","","","NA"
"-73.58","45.50","MCTAVISH","7024745","2014-06-29 17:00","2014","06","29","17:00","30.0","","13.2","","36","","","M","16","","6","","","","100.67","","33","","","","NA"
"-73.58","45.50","MCTAVISH","7024745","2014-06-29 18:00","2014","06","29","18:00","29.8","","15.0","","41","","","M","16","","6","","","","100.62","","34","","","","NA"
"-73.58","45.50","MCTAVISH","7024745","2014-06-29 19:00","2014","06","29","19:00","28.4","","16.1","","47","","","M","16","","5","","","","100.58","","33","","","","NA"
"-73.58","45.50","MCTAVISH","7024745","2014-06-29 20:00","2014","06","29","20:00","27.3","","15.9","","50","","","M","18","","4","","","","100.60","","32","","","","NA"
"-73.58","45.50","MCTAVISH","7024745","2014-06-29 21:00","2014","06","29","21:00","26.6","","16.1","","53","","","M","20","","7","","","","100.61","","31","","","","NA"
"-73.58","45.50","MCTAVISH","7024745","2014-06-29 22:00","2014","06","29","22:00","25.0","","16.8","","60","","","M","21","","6","","","","100.58","","30","","","","NA"
"-73.58","45.50","MCTAVISH","7024745","2014-06-29 23:00","2014","06","29","23:00","23.5","","17.4","","68","","","M","22","","5","","","","100.54","","29","","","","NA"
"-73.58","45.50","MCTAVISH","7024745","2014-06-30 00:00","2014","06","30","00:00","24.5","","17.5","","65","","","M","19","","6","","","","100.53","","30","","","","NA"
"-73.58","45.50","MCTAVISH","7024745","2014-06-30 01:00","2014","06","30","01:00","25.2","","17.7","","63","","","M","19","","5","","","","100.54","","31","","","","NA"
"-73.58","45.50","MCTAVISH","7024745","2014-06-30 02:00","2014","06","30","02:00","25.1","","18.6","","67","","","M","18","","4","","","","100.47","","32","","","","NA"
"-73.58","45.50","MCTAVISH","7024745","2014-06-30 03:00","2014","06","30","03:00","23.9","","18.1","","70","","","M","17","","3","","","","100.44","","30","","","","NA"
"-73.58","45.50","MCTAVISH","7024745","2014-06-30 04:00","2014","06","30","04:00","23.4","","17.5","","69","","","M","12","","3","","","","100.47","","29","","","","NA"
"-73.58","45.50","MCTAVISH","7024745","2014-06-30 05:00","2014","06","30","05:00","23.3","","17.6","","71","","","M","17","","2","","","","100.48","","29","","","","NA"
"-73.58","45.50","MCTAVISH","7024745","2014-06-30 06:00","2014","06","30","06:00","23.7","","18.0","","71","","","M","15","","3","","","","100.51","","30","","","","NA"
"-73.58","45.50","MCTAVISH","7024745","2014-06-30 07:00","2014","06","30","07:00","24.8","","19.1","","70","","","M","19","","6","","","","100.53","","32","","","","NA"
"-73.58","45.50","MCTAVISH","7024745","2014-06-30 08:00","2014","06","30","08:00","24.9","","19.5","","72","","","M","20","","9","","","","100.50","","32","","","","NA"
"-73.58","45.50","MCTAVISH","7024745","2014-06-30 09:00","2014","06","30","09:00","24.5","","19.4","","73","","","M","18","","8","","","","100.47","","32","","","","NA"
"-73.58","45.50","MCTAVISH","7024745","2014-06-30 10:00","2014","06","30","10:00","25.1","","19.6","","72","","","M","18","","9","","","","100.44","","32","","","","NA"
"-73.58","45.50","MCTAVISH","7024745","2014-06-30 11:00","2014","06","30","11:00","25.2","","19.9","","72","","","M","22","","9","","","","100.41","","33","","","","NA"
"-73.58","45.50","MCTAVISH","7024745","2014-06-30 12:00","2014","06","30","12:00","27.5","","20.5","","66","","","M","21","","9","","","","100.37","","35","","","","NA"
"-73.58","45.50","MCTAVISH","7024745","2014-06-30 13:00","2014","06","30","13:00","27.4","","20.1","","64","","","M","23","","9","","","","100.33","","35","","","","NA"
"-73.58","45.50","MCTAVISH","7024745","2014-06-30 14:00","2014","06","30","14:00","29.0","","19.9","","58","","","M","21","","10","","","","100.27","","36","","","","NA"
"-73.58","45.50","MCTAVISH","7024745","2014-06-30 15:00","2014","06","30","15:00","29.3","","19.1","","54","","","M","21","","9","","","","100.20","","36","","","","NA"
"-73.58","45.50","MCTAVISH","7024745","2014-06-30 16:00","2014","06","30","16:00","29.2","","19.5","","56","","","M","22","","9","","","","100.15","","36","","","","NA"
"-73.58","45.50","MCTAVISH","7024745","2014-06-30 17:00","2014","06","30","17:00","29.3","","20.5","","59","","","M","22","","8","","","","100.10","","37","","","","NA"
"-73.58","45.50","MCTAVISH","7024745","2014-06-30 18:00","2014","06","30","18:00","28.6","","19.2","","57","","","M","24","","6","","","","100.10","","36","","","","NA"
"-73.58","45.50","MCTAVISH","7024745","2014-06-30 19:00","2014","06","30","19:00","27.7","","19.5","","61","","","M","20","","5","","","","100.10","","35","","","","NA"
"-73.58","45.50","MCTAVISH","7024745","2014-06-30 20:00","2014","06","30","20:00","27.1","","19.6","","64","","","M","21","","5","","","","100.06","","34","","","","NA"
"-73.58","45.50","MCTAVISH","7024745","2014-06-30 21:00","2014","06","30","21:00","26.4","","19.9","","68","","","M","22","","3","","","","100.11","","34","","","","NA"
"-73.58","45.50","MCTAVISH","7024745","2014-06-30 22:00","2014","06","30","22:00","26.0","","20.0","","69","","","M","18","","4","","","","100.07","","34","","","","NA"
"-73.58","45.50","MCTAVISH","7024745","2014-06-30 23:00","2014","06","30","23:00","25.6","","20.9","","75","","","M","19","","7","","","","100.06","","34","","","","NA"
