code,name,latitude,longitude,year
6001,Métro Champ-de-Mars (Viger / Sanguinet),45.510162799999996,-73.55663709999997,2020
6002,Ste-Catherine / Dezery,45.539385100000004,-73.5409999,2020
6003,Clark / Ontario,45.5108239,-73.5671715,2020
6004,du Champ-de-Mars / Gosford,45.50965520000001,-73.55400859999997,2020
6005,Metcalfe / du Square-Dorchester,45.5002081,-73.57113790000002,2020
6006,18e avenue / Rosemont,45.5578955,-73.5765291,2020
6007,de l'Hôtel-de-Ville / Ste-Catherine,45.5116605,-73.56213570000001,2020
6008,Sanguinet / Ste-Catherine,45.5127969,-73.5614625,2020
6009,Crescent / de Maisonneuve,45.4981116,-73.57761540000001,2020
6901,de Grosbois / Ducheneau,45.6112307,-73.5312416,2020
6011,St-André / St-Antoine,45.51411450000001,-73.5526447,2020
6012,Métro St-Laurent (de Maisonneuve / St-Laurent),45.5111177,-73.56478800000002,2020
6013,Sanguinet / de Maisonneuve,45.5134055,-73.5625944,2020
6014,St-Denis / René-Lévesque,45.512871200000006,-73.55846640000001,2020
6015,BAnQ (Berri / de Maisonneuve),45.515299,-73.561273,2020
6016,Jacques-Le Ber / de la Pointe Nord,45.472686700000004,-73.53971240000001,2020
6017,Atateken / du Square Amherst,45.5206338,-73.563906,2020
6018,St-André / Ontario,45.51889,-73.56353,2020
6019,Métro Sherbrooke (de Rigaud / St-Denis),45.5179989,-73.5681841,2020
6020,Sanguinet / Ontario,45.5147672,-73.5654911,2020
6902,Montcalm / Ontario,45.521081,-73.5622752,2020
6023,de la Commune / Berri,45.51086,-73.54983,2020
6024,des Ormeaux / Notre-Dame,45.5992655,-73.51226070000001,2020
6025,Notre-Dame / St-Gabriel,45.5071439,-73.55511899999998,2020
6026,de la Commune / Place Jacques-Cartier,45.5076101,-73.551836,2020
6027,de Maisonneuve / Mansfield (sud),45.5020539,-73.5734653,2020
6029,Bourget / St-Jacques,45.4808458,-73.58386159999998,2020
6031,St-Antoine / St-François-Xavier,45.5045907,-73.55918790000003,2020
6032,Métro Place-d'Armes (Viger / St-Urbain),45.50623,-73.55976,2020
6033,16e avenue / Beaubien,45.5582806,-73.5831589,2020
6035,Viger / Chenneville,45.5053117,-73.5608912,2020
6036,de la Commune / St-Sulpice,45.5042425,-73.55346949999998,2020
6037,St-Nicolas / Place d'Youville,45.5019669,-73.5551526,2020
6038,McGill / Place d'Youville,45.49975,-73.55566,2020
6039,des Récollets / McGill,45.500876500000004,-73.55900559999998,2020
6040,St-Jacques / St-Pierre,45.5027865,-73.5591343,2020
6041,St-Jacques / McGill,45.5014411,-73.56014420000002,2020
6042,de la Gauchetière / Robert-Bourassa,45.500605799999995,-73.5654482,2020
6043,Square Victoria (Viger / du Square-Victoria),45.50206,-73.56295,2020
6044,Roy / St-André,45.5215643,-73.57036740000002,2020
6046,Métro Bonaventure (de la Gauchetière / de la Cathédrale),45.4983122,-73.567256,2020
6204,Milton / Durocher,45.508140999999995,-73.57492979999998,2020
6048,William / St-Henri,45.4989191,-73.5572541,2020
6049,Queen / Wellington,45.4976053,-73.5553497,2020
6050,St-Maurice / Robert-Bourassa,45.4985778,-73.5602421,2020
6051,Henri-Julien / de Bellechasse,45.531507899999994,-73.60308359999998,2020
6052,Normand / Marguerite-d’Youville,45.49977670000001,-73.55410520000002,2020
6053,du Président-Kennedy / Jeanne-Mance,45.508204600000006,-73.56881440000002,2020
6057,Peel / de la Gauchetiere,45.497718299999995,-73.56818009999998,2020
6058,Cypress / Peel,45.4993255,-73.5717675,2020
6059,de la Cathédrale / René-Lévesque,45.4991912,-73.56942059999999,2020
6060,St-Urbain / René-Lévesque,45.5078375,-73.5631362,2020
6061,Mansfield / Ste-Catherine,45.5013987,-73.5717863,2020
6062,Drummond / Ste-Catherine,45.4986393,-73.5742271,2020
6063,Drummond / de Maisonneuve,45.49947,-73.57591,2020
6064,Métro Peel (de Maisonneuve / Stanley),45.50038,-73.57507,2020
6065,de la Montagne / Sherbrooke,45.499744799999995,-73.57903359999997,2020
6067,Quai de la navette fluviale,45.5136663,-73.538425,2020
6068,2e avenue / Jean-Rivard,45.56250900000001,-73.61656040000003,2020
6070,University / Milton,45.50651120000001,-73.5766692,2020
6073,de Maisonneuve / Aylmer (ouest),45.505063,-73.57068120000002,2020
6076,de Ville-Marie / Ste-Catherine,45.55797070000001,-73.52917,2020
6078,St-Alexandre / Ste-Catherine,45.5052735,-73.5674787,2020
6080,Métro Vendôme (de Marlowe / de Maisonneuve),45.47393029999999,-73.60473449999998,2020
6081,Mackay / René-Lévesque,45.494434999999996,-73.5740983,2020
6082,5e avenue / Rosemont,45.5499005,-73.5830837,2020
6083,Cathcart / Union,45.503295200000004,-73.5684865,2020
6084,Duke / Brennan,45.4955814,-73.5537109,2020
6085,Notre-Dame / Jean-d'Estrées,45.4942598,-73.56381809999998,2020
6089,Henri-Julien / du Carmel,45.5278394,-73.59482109999998,2020
6090,Métro Lucien-L'Allier  (Lucien l'Allier / Argyle),45.4948716,-73.5711238,2020
6091,Joseph-Manseau / René-Lévesque,45.4916865,-73.5767671,2020
6092,Crescent / René-Lévesque,45.4959617,-73.5732535,2020
6912,Métro Beaubien (de Chateaubriand / Beaubien),45.53536,-73.6036348,2020
6194,Métro Atwater (Atwater / Ste-Catherine),45.48947620000001,-73.5845657,2020
6095,Chomedey / de Maisonneuve,45.491800299999994,-73.5840064,2020
6096,Lucien L'Allier / St-Jacques,45.4935692,-73.5685757,2020
6097,Ste-Catherine / St-Marc,45.4929068,-73.5802822,2020
6098,Bishop / Ste-Catherine,45.4965833,-73.5765016,2020
6099,Ste-Catherine / Labelle,45.5151034,-73.55930090000003,2020
6100,Mackay / de Maisonneuve,45.4968299,-73.57913020000002,2020
6101,Métro Villa-Maria (de Monkland / Décarie),45.4789684,-73.6195993,2020
6102,Lincoln / du Fort,45.493034,-73.583836,2020
6103,Lespérance / de Rouen,45.5388145,-73.5526778,2020
6104,Wolfe / René-Lévesque,45.5168175,-73.55418829999998,2020
6105,Plessis / René-Lévesque,45.519372499999996,-73.5519581,2020
6106,Papineau / René-Lévesque,45.52114,-73.54926,2020
6107,St-Mathieu / Ste-Catherine,45.4936796,-73.5791463,2020
6108,Logan / Fullum,45.528366,-73.5511708,2020
6109,Parc Plage,45.50265870000001,-73.5275352,2020
6110,Poupart / Ste-Catherine,45.5290021,-73.5461994,2020
6111,Parthenais / Ste-Catherine,45.5260059,-73.54886409999997,2020
6112,Montcalm / de Maisonneuve,45.51913920000001,-73.5578656,2020
6113,Alexandre-DeSève / Ste-Catherine,45.5212304,-73.55386109999998,2020
6114,Métro Papineau (Cartier / Ste-Catherine),45.52353,-73.55199,2020
6115,Benny / de Monkland,45.4669357,-73.6315311,2020
6116,Plessis / Ontario,45.52349210000001,-73.56073020000002,2020
6117,de Maisonneuve / Aylmer (est),45.5053859,-73.5704318,2020
6118,de Champlain / Ontario,45.5251095,-73.56020579999998,2020
6119,Dorion / Ontario,45.52699129999999,-73.55821159999998,2020
6120,Métro Frontenac (Ontario / du Havre),45.533706,-73.55217929999998,2020
6121,du Havre / de Rouen,45.5345626,-73.5547865,2020
6122,Fullum / Ontario,45.5303174,-73.55486690000002,2020
6123,Alexandre-de-Sève / la Fontaine,45.523306,-73.55822370000001,2020
6124,Poupart / Ontario,45.5319389,-73.55343859999998,2020
6125,Ellendale / de la Côte-des-Neiges,45.499757,-73.62929799999998,2020
6126,de Rouen / Fullum,45.53216320000001,-73.5585429,2020
6127,Henri-Julien / de Castelnau,45.5378911,-73.61821529999997,2020
6128,Hogan / Ontario,45.535295500000004,-73.55116009999998,2020
6130,Sherbrooke / Frontenac,45.5367,-73.56081,2020
6131,Fullum / Sherbrooke,45.533924,-73.562425,2020
6133,Chapleau / Terrasse Mercure,45.5367384,-73.5651666,2020
6129,de Bordeaux / Sherbrooke,45.52997070000001,-73.563053,2020
6202,Ste-Famille / Sherbrooke,45.5100715,-73.5707523,2020
6047,University / Prince-Arthur,45.5074017,-73.5784435,2020
6079,Hutchison / Prince-Arthur,45.5097586,-73.5761073,2020
6022,André-Laurendeau / Rachel,45.542864200000004,-73.5618822,2020
6093,Atwater / Sherbrooke,45.491225899999996,-73.5876301,2020
6913,Drolet / Beaubien,45.533348,-73.605834,2020
6915,de Gaspé / Beaubien,45.531957899999995,-73.607001,2020
6916,Parc du Pélican (2e avenue / St-Joseph),45.544513,-73.571564,2020
6918,Marquette / des Carrières,45.538799299999994,-73.5887003,2020
6923,Marquette / Jean-Talon,45.547407799999995,-73.60766890000002,2020
6925,Louis-Hémon / Jean-Talon,45.5517743,-73.60347840000001,2020
6072,Metcalfe / de Maisonneuve,45.501714899999996,-73.57413050000002,2020
6075,Drolet / Marie-Anne,45.5224026,-73.5811767,2020
6134,Bercy / Rachel,45.5384034,-73.561964,2020
6132,Larivière / de Lorimier,45.5291345,-73.55923349999998,2020
6136,Métro Laurier (Rivard / Laurier),45.52761629999999,-73.5891147,2020
6137,Gauthier / Papineau,45.529666299999995,-73.5673365,2020
6138,Gauthier / de Lorimier,45.5316747,-73.5653704,2020
6139,Gauthier / Parthenais,45.5329263,-73.56377990000001,2020
6140,Marquette / Rachel,45.5298016,-73.5702896,2020
6141,des Érables / Rachel,45.5335475,-73.5668671,2020
6142,Calixa-Lavallée / Rachel,45.527794799999995,-73.5719392,2020
6143,Rachel / de Brébeuf,45.52689,-73.57264,2020
6145,du Parc-La Fontaine / Duluth,45.5245176,-73.5719767,2020
6146,du Parc-La Fontaine / Roy,45.5228665,-73.5683772,2020
6147,Calixa-Lavallée / Sherbrooke,45.52479,-73.56545,2020
6148,Émile-Duployé / Sherbrooke,45.5272931,-73.5648072,2020
6149,Chapleau / du Mont-Royal,45.53867,-73.56936,2020
6150,Messier / du Mont-Royal,45.537114100000004,-73.5710031,2020
6151,des Érables / du Mont-Royal,45.535853499999995,-73.57205450000002,2020
6152,Chabot / du Mont-Royal,45.5341851,-73.5735887,2020
6153,Cartier / Marie-Anne,45.532674,-73.571776,2020
6154,Marquette / du Mont-Royal,45.53229,-73.57544,2020
6155,Garnier / du Mont-Royal,45.53092,-73.57674,2020
6156,Marie-Anne / de la Roche,45.5277581,-73.57618509999998,2020
6157,de Brébeuf / du Mont-Royal,45.5294078,-73.5781538,2020
6158,Gilford / de Brébeuf,45.530816200000004,-73.581626,2020
6159,Ann / Wellington,45.4945271,-73.5567525,2020
6160,Garnier / St-Joseph,45.5329775,-73.5812223,2020
6161,Cartier / St-Joseph,45.5358282,-73.57869029999998,2020
6162,St-Dominique / de Bellechasse,45.5295247,-73.6048888,2020
6163,Marquette / Laurier,45.53543,-73.5822,2020
6164,de Lanaudière / Laurier,45.5333136,-73.5837369,2020
6165,Laurier / de Brébeuf,45.532514,-73.5848111,2020
6166,Gerry-Boulet / St-Grégoire,45.5338352,-73.5892823,2020
6167,Garnier / St-Grégoire,45.5357948,-73.5870829,2020
6168,Marmier / St-Denis,45.5307634,-73.5984944,2020
6169,Boyer / du Mont-Royal,45.5274321,-73.5799167,2020
6170,de Mentana / Laurier,45.530450099999996,-73.58763809999998,2020
6171,Wolfe / Robin,45.51958079999999,-73.56011600000002,2020
6173,Berri / Cherrier,45.519088399999994,-73.56950909999998,2020
6174,Roy / St-Denis,45.519079999999995,-73.5727,2020
6175,St-Christophe / Cherrier,45.520368299999994,-73.5684228,2020
6176,de Mentana / Rachel,45.5249632,-73.5755588,2020
6177,St-Hubert / Duluth,45.52242570000001,-73.5741842,2020
6178,Rivard / Rachel,45.5222776,-73.5775906,2020
6179,Duluth / St-Denis,45.5208869,-73.5757184,2020
6180,des Soeurs-Grises / Marguerite-d'Youville,45.4987648,-73.5544766,2020
6181,Clark / Rachel,45.517353799999995,-73.58212890000001,2020
6182,de Bullion / du Mont-Royal,45.5216838,-73.585149,2020
6183,Laval / du Mont-Royal,45.5223646,-73.58414590000002,2020
6184,Métro Mont-Royal (Rivard / du Mont-Royal),45.524673,-73.58255,2020
6185,des Érables / Bélanger,45.5491209,-73.60087349999998,2020
6186,St-Hubert / Laurier,45.529310100000004,-73.5886574,2020
6187,Resther / du Mont-Royal,45.5256282,-73.5817748,2020
6188,de Mentana / Marie-Anne,45.5260266,-73.5778588,2020
6189,Chabot / Villeray,45.5522894,-73.6130065,2020
6190,Pontiac / Gilford,45.527009299999996,-73.585766,2020
6191,Clark / St-Zotique,45.531611,-73.61334980000002,2020
6192,Boucher / St-Denis,45.52784920000001,-73.5918613,2020
6193,de l'Esplanade / Fairmount,45.5214957,-73.5968267,2020
6094,de Gaspé / Laurier,45.5249292,-73.59148979999998,2020
6195,de Bullion / St-Joseph,45.5240365,-73.5901433,2020
6196,Villeneuve / St-Laurent,45.5213417,-73.5894191,2020
6197,de Bordeaux / Masson,45.5389844,-73.5824454,2020
6198,Hélène-Baillargeon / St-Denis,45.529740000000004,-73.59527,2020
6199,St-Viateur / St-Laurent,45.5259307,-73.598839,2020
6200,Maguire / St-Laurent,45.5246285,-73.5958108,2020
6201,Villeneuve / de l'Hôtel-de-Ville,45.5235442,-73.58733240000002,2020
6203,Aylmer / Sherbrooke,45.5065867,-73.57329909999999,2020
6205,Milton / du Parc,45.5093614,-73.5738637,2020
6206,Prince-Arthur / du Parc,45.51059,-73.57547,2020
6207,Ste-Famille / des Pins,45.51283170000001,-73.57688780000002,2020
6208,Hutchison / des Pins,45.510690000000004,-73.57805,2020
6209,Milton / Clark,45.512541399999996,-73.5706772,2020
6210,Métro Sauvé (Berri / Sauvé),45.550692100000006,-73.6563671,2020
6211,Roy / St-Laurent,45.515616200000004,-73.57580829999998,2020
6212,Duluth / de l'Esplanade,45.515091999999996,-73.5811418,2020
6213,Duluth / St-Laurent,45.5170456,-73.5792965,2020
6214,Square St-Louis (du Square St-Louis / Laval),45.5160908,-73.5701287,2020
6215,Metcalfe / St-Catherine,45.5008323,-73.5724595,2020
6216,Parc Jeanne Mance (monument sir George-Etienne Cartier),45.5148399,-73.58477890000002,2020
6217,Vallières / St-Laurent,45.5189672,-73.5836162,2020
6219,de l'Hôtel-de-Ville / Roy,45.5174008,-73.5746053,2020
6220,Laval / Duluth,45.5192162,-73.5771802,2020
6221,du Mont-Royal / Clark,45.51941,-73.58685,2020
6222,de l'Esplanade / du Mont-Royal,45.5182529,-73.5883382,2020
6223,Parc Jeanne-Mance (du Mont-Royal / du Parc),45.516999999999996,-73.589,2020
6224,Villeneuve / du Parc,45.51829,-73.59235,2020
6225,Villeneuve / St-Urbain,45.520188,-73.590559,2020
6226,Hôpital Maisonneuve-Rosemont (Rosemont / Chatelain),45.575707,-73.561562,2020
6227,Jeanne-Mance / Laurier,45.5202763,-73.5949762,2020
6229,St-Dominique / du Mont-Royal,45.5205595,-73.5858203,2020
6230,Waverly / St-Viateur,45.523856099999996,-73.6001265,2020
6231,Jeanne-Mance / St-Viateur,45.5230265,-73.60184040000001,2020
6234,Bernard / St-Urbain,45.526266899999996,-73.60319090000002,2020
6235,St-Dominique / St-Viateur,45.526557000000004,-73.5982758,2020
6236,Laurier / de Bordeaux,45.5372299,-73.57918719999998,2020
6237,Gilford / de Lanaudière,45.53200800000001,-73.5804445,2020
6903,St-Dominique / Napoléon,45.516664399999996,-73.5772204,2020
6924,de Bordeaux / Jean-Talon,45.549754799999995,-73.60556600000002,2020
6240,Parc Kent (de Kent / Hudson),45.5057209,-73.62945909999998,2020
6241,Querbes / Laurier,45.517540000000004,-73.5978319,2020
6243,Bloomfield / Bernard,45.520457799999996,-73.6082724,2020
6245,Bloomfield / Van Horne,45.5227453,-73.6132814,2020
6246,St-Cyril / Wiseman,45.520854799999995,-73.6157396,2020
6247,St-Dominique / St-Zotique,45.5322646,-73.6110632,2020
6248,St-Dominique / Rachel,45.518593,-73.58156600000002,2020
6249,Bélanger / St-Denis,45.53696,-73.61199,2020
6250,Marché Jean-Talon (Henri-Julien / Jean-Talon),45.53678529999999,-73.614888,2020
6251,de Gaspé / Dante,45.5342978,-73.6121723,2020
6252,Mozart / St-Laurent,45.5331841,-73.6155492,2020
6253,Métro Jean-Talon (Berri / Jean-Talon),45.5390004,-73.614251,2020
6254,Boyer / Bélanger,45.54006,-73.60897,2020
6255,Boyer / St-Zotique,45.53848,-73.60556,2020
6257,de St-Vallier / St-Zotique,45.536434299999996,-73.6078343,2020
6258,Parc Père-Marquette (Chambord / Rosemont),45.537087799999995,-73.5932185,2020
6259,des Érables / Dandurand,45.541369399999994,-73.583974,2020
6260,Cartier / Dandurand,45.53923560000001,-73.58594570000002,2020
6261,Louis-Hémon / Rosemont,45.5445986,-73.5882229,2020
6262,de la Roche /  de Bellechasse,45.5371592,-73.5974765,2020
6263,de Hampton / de Monkland,45.471179299999996,-73.62700219999998,2020
6264,Chabot / de Bellechasse,45.5425697,-73.5921443,2020
6265,des Érables / Laurier,45.538460799999996,-73.5776791,2020
6266,Louis-Hébert / de Bellechasse,45.5466611,-73.5886842,2020
6267,Chabot / Beaubien,45.5443755,-73.59564449999998,2020
6268,Chambord / Beaubien,45.5399322,-73.5993433,2020
6269,Wurtele / de Rouen,45.537627799999996,-73.5533944,2020
6270,Fabre / St-Zotique,45.54345170000001,-73.6010103,2020
6271,Place du Village-de-la-Pointe-aux-Trembles (St-Jean-Baptiste / Notre-Dame),45.6400029,-73.490113,2020
6272,de Bordeaux / St-Zotique,45.546539,-73.5986647,2020
6273,Cartier / Bélanger,45.546797399999996,-73.60266390000002,2020
6274,Christophe-Colomb / St-Joseph,45.530364899999995,-73.58439270000002,2020
6275,Chambord / Jean-Talon,45.5448456,-73.61053620000001,2020
6276,de la Roche / Bélanger,45.5416696,-73.60760450000002,2020
6278,Louis-Hébert / St-Zotique,45.55001,-73.59576,2020
6279,Louis-Hébert / Bélanger,45.5515852,-73.5991649,2020
6904,Fabre / Beaubien,45.5420596,-73.59787340000003,2020
6905,Fullum / Holt,45.5439195,-73.5842489,2020
6906,Métro Rosemont (de St-Vallier / Rosemont),45.5319549,-73.59816040000003,2020
6907,Boyer / Rosemont,45.534136,-73.595478,2020
6908,de Bellechasse / de St-Vallier,45.5334104,-73.6011243,2020
6921,Augustin-Cantin / Shearer,45.483901700000004,-73.5636324,2020
6926,Marie-Anne / St-Hubert,45.524683,-73.5788968,2020
6927,Édouard-Montpetit / de Stirling,45.50723,-73.615085,2020
6928,McKenna / Édouard-Montpetit,45.50120689999999,-73.62053279999998,2020
6228,Waverly / Van Horne,45.527363,-73.607723,2020
6232,Hutchison / Van Horne,45.5249419,-73.6106059,2020
6233,Jeanne-Mance / Bernard,45.5244504,-73.60517440000002,2020
6917,Basile-Routhier / Chabanel,45.5498684,-73.6476566,2020
6919,10e avenue / Holt,45.551911600000004,-73.5792112,2020
6910,Boyer / Beaubien,45.537040999999995,-73.602026,2020
6086,des Bassins / du Séminaire,45.4905646,-73.5603333,2020
6087,Notre-Dame / de la Montagne,45.493029,-73.5648179,2020
6088,Guy / Notre-Dame,45.49004220000001,-73.56711120000001,2020
6277,Louis-Hébert / Beaubien,45.5481864,-73.5920101,2020
6280,St-Dominique / Laurier,45.5236149,-73.5924574,2020
10002,Métro Charlevoix (Centre / Charlevoix),45.4782279,-73.5696512,2020
6401,des Seigneurs / Notre-Dame,45.48772279999999,-73.56908259999999,2020
6402,Ste-Émilie / Sir-Georges-Etienne-Cartier,45.472668,-73.58538979999999,2020
6403,Georges-Vanier / Notre-Dame,45.485048,-73.5719633,2020
6404,Quesnel / Vinet,45.485889,-73.57751400000002,2020
6405,Duvernay / Charlevoix,45.482098,-73.5748762,2020
6406,Marché Atwater,45.48020820000001,-73.57759859999999,2020
6407,Charlevoix / Lionel-Groulx,45.48392800000001,-73.57731159999999,2020
6408,Métro Georges-Vanier (St-Antoine / Canning),45.4891,-73.57656,2020
6307,Laval / Rachel,45.5201785,-73.57942390000002,2020
6309,4e avenue / de Verdun,45.456884499999994,-73.57260699999998,2020
6310,de Soissons / de Darlington,45.50689910000001,-73.62352609999998,2020
6313,Bel Air / St-Antoine,45.482429700000004,-73.5836798,2020
6312,de Kent / de la Côte-des-Neiges,45.5014493,-73.63305059999998,2020
6311,Drolet / St-Zotique,45.5348821,-73.6094123,2020
6314,de Lanaudière / Marie-Anne,45.529326399999995,-73.5748065,2020
6315,Jean-Brillant / de la Côte-des-Neiges,45.495415,-73.6223406,2020
6316,McLynn / Plamondon,45.4891131,-73.64701290000002,2020
6383,Bourbonnière / du Mont-Royal,45.55357070000001,-73.56049420000002,2020
6385,de Bordeaux / Gilford,45.5361101,-73.576287,2020
6386,Métro Préfontaine (Moreau / Hochelaga),45.5412155,-73.5537136,2020
6387,Métro Joliette  (Joliette / Hochelaga),45.54690720000001,-73.5515571,2020
6388,d'Orléans / Hochelaga,45.5506169,-73.5490143,2020
6389,Boyer / Jean-Talon,45.5415863,-73.6124808,2020
6391,Aylwin / Ontario,45.5443031,-73.5454725,2020
6393,Dézéry / Ontario,45.540957899999995,-73.54702950000002,2020
6394,Valois / Ontario,45.54704810000001,-73.54344609999998,2020
6395,Métro Viau (Pierre-de-Coubertin / Viau),45.561782799999996,-73.54661109999998,2020
6397,Marché Maisonneuve,45.553218799999996,-73.5397822,2020
6398,Desjardins / Ontario,45.5511919,-73.54087249999998,2020
6323,Guizot / St-Laurent,45.53966320000001,-73.6344749,2020
6327,Faillon / St-Denis,45.5398641,-73.62031280000002,2020
6329,Drolet / Gounod,45.540951299999996,-73.62637459999998,2020
6330,de Gaspé / Jarry,45.54078,-73.63040059999999,2020
6331,Guizot / St-Denis,45.543423499999996,-73.63246190000002,2020
6332,de Gaspé / de Liège,45.5424852,-73.6363417,2020
6333,de Chateaubriand / Leman,45.547234499999995,-73.63102559999999,2020
6334,Lajeunesse / Jarry,45.5435597,-73.627772,2020
6335,du Rosaire / St-Hubert,45.5448193,-73.6215104,2020
6336,Boyer / Everett,45.5432845,-73.6162861,2020
6338,de Chateaubriand / Jarry,45.5458416,-73.6266536,2020
6339,Harvard / de Monkland,45.4745652,-73.62403570000002,2020
6340,de la Roche / Everett,45.544866999999996,-73.614841,2020
6341,Regina / de Verdun,45.467369,-73.570769,2020
6343,Marquette / Villeray,45.550739799999995,-73.6152944,2020
6345,Louis-Hémon / Villeray,45.554961299999995,-73.6107373,2020
6346,Nicolet / Sherbrooke,45.5496954,-73.554647,2020
6347,Métro St-Michel (Shaughnessy / St-Michel),45.559199,-73.59965799999998,2020
6349,Ryde / Charlevoix,45.4757434,-73.5646007,2020
6350,de Laprairie / Centre,45.4805925,-73.5657781,2020
6322,St-Dominique / Gounod,45.538737899999994,-73.6280215,2020
6324,Lajeunesse / de Liège,45.5455805,-73.6349,2020
6328,de Gaspé / Villeray,45.53888720000001,-73.62390699999997,2020
6354,Marcil / Sherbrooke,45.471743,-73.613924,2020
6355,Ontario / Sicard,45.5562619,-73.5374406,2020
6356,de Monkland / Girouard,45.477106799999994,-73.621438,2020
6357,12e avenue / St-Zotique,45.5568667,-73.58930649999998,2020
6358,1ère  avenue / St-Zotique,45.5519374,-73.59392790000003,2020
6359,St-Dominique / Ontario,45.5116011,-73.56632049999997,2020
6360,Beaubien / 8e avenue,45.5534568,-73.58784200000002,2020
6361,Molson / Beaubien,45.5496859,-73.5911545,2020
6362,1ère avenue / Rosemont,45.5478,-73.58486740000002,2020
6363,de la Côte St-Antoine / Royal,45.468927,-73.61987020000002,2020
6364,de Chambly / Rachel,45.54991070000001,-73.55826259999998,2020
6366,Wilderton  / Van Horne,45.510141600000004,-73.6247519,2020
6367,3e avenue / Holt,45.5480035,-73.5813899,2020
6368,10e avenue / Masson,45.5503765,-73.57373359999998,2020
6369,U. Concordia - Campus Loyola (Sherbrooke / West Broadway),45.4575091,-73.63948520000002,2020
6370,d'Orléans / Masson,45.557192,-73.569847,2020
6371,4e avenue / Masson,45.5469264,-73.5754113,2020
6372,1ère avenue / Masson,45.54519970000001,-73.5764507,2020
6373,7e avenue / St-Joseph Rosemont,45.547108200000004,-73.5693669,2020
6374,15e avenue / Masson,45.553898,-73.5713866,2020
6375,St-Philippe / St-Jacques,45.4768907,-73.5881113,2020
6376,16e avenue / St-Joseph,45.552936100000004,-73.5657714,2020
6377,Grand Trunk / d'Hibernia,45.47968,-73.56385,2020
6379,de l'Église / Bannantyne,45.4632535,-73.5758793,2020
6380,Parc J.-Arthur-Champagne (de Chambly / du Mont-Royal),45.55158400000001,-73.561916,2020
6381,Omer-Lavallée / du Midway,45.545776000000004,-73.56217459999998,2020
6384,Rivier / Davidson,45.546114700000004,-73.5570931,2020
6396,Métro Pie-IX (Pierre-de-Coubertin / Pie-IX),45.5542138,-73.55155970000001,2020
6301,Parc Outremont (Bloomfield / Elmwood),45.5183094,-73.60328609999998,2020
6302,Parc Beaubien (Stuart / St-Viateur),45.5160787,-73.6077976,2020
6303,Parc Pratt (Dunlop / Van Horne),45.5149477,-73.6196262,2020
6304,Parc Joyce (Rockland / Lajoie),45.515617,-73.614991,2020
6305,Davaar / de la Côte-Ste-Catherine,45.514379,-73.610871,2020
6306,Métro Édouard-Montpetit (du Mont-Royal / Vincent-d'Indy),45.510086,-73.611429,2020
6321,Gary-Carter / St-Laurent,45.535899799999996,-73.6224425,2020
6344,St-Dominique / Jean-Talon,45.535248100000004,-73.6175635,2020
6409,Lionel-Groulx / George-Vanier,45.486219399999996,-73.573747,2020
6021,de l'Hôtel-de-Ville / Sherbrooke,45.5145247,-73.5683557,2020
6066,Campus MIL (Outremont / Thérèse-Lavoie Roux),45.523114299999996,-73.6181536,2020
6218,Prince-Arthur / St-Urbain,45.5125874,-73.57373890000002,2020
6501,Parc Jean-Drapeau (Chemin Macdonald),45.5128006,-73.5311159,2020
6502,Casino de Montréal,45.5063732,-73.5245767,2020
6503,Métro Parc  (Hutchison / Ogilvy),45.5303513,-73.6243924,2020
6504,La Ronde,45.5215654,-73.5353324,2020
6415,de Melrose / Sherbrooke,45.469819799999996,-73.61696140000002,2020
6417,de la Salle / Hochelaga,45.5541523,-73.5474935,2020
6418,Paré / Mountain Sights,45.4981003,-73.65294190000002,2020
6421,Cartier / Rosemont,45.5412472,-73.5910445,2020
6416,Notre-Dame-de-Grâce / Décarie,45.4773533,-73.61537220000002,2020
6419,Beaucourt / de la Côte-Ste-Catherine,45.491513,-73.633649,2020
6423,Hôpital général juif (de la Côte Ste-Catherine / Légaré),45.496302,-73.62982199999998,2020
6420,Métro Snowdon (de Westbury / Queen-Mary),45.4853847,-73.6281422,2020
6422,Fleury / Lajeunesse,45.5535789,-73.6620829,2020
6410,Métro Crémazie (Crémazie / Lajeunesse),45.5464075,-73.63842840000002,2020
6412,Complexe sportif Claude-Robillard,45.553262,-73.638615,2020
6413,Square Phillips (Union / Cathcart),45.5034449,-73.5685408,2020
6414,Parc St-Henri (Laporte / Guay),45.4801338,-73.58590809999998,2020
6425,Métro de l'Église (Ross / de l'Église),45.462846,-73.5659216,2020
6426,Métro Verdun (Willibrord / de Verdun),45.459487700000004,-73.57209209999998,2020
6427,Métro Lasalle (de Rushbrooke / Caisse),45.4706964,-73.5654224,2020
6429,Place du Commerce,45.46714,-73.54259,2020
6411,Clark / Prince-Arthur,45.5133026,-73.57296109999999,2020
6428,Berlioz / de l'Île des Soeurs,45.4599858,-73.5439557,2020
6281,St-Hubert / St-Joseph,45.528087899999996,-73.5858625,2020
6432,de Maisonneuve / Greene,45.4869706,-73.58929309999998,2020
6433,Hillside / Ste-Catherine,45.482826,-73.5908434,2020
6434,Victoria / de Maisonneuve,45.4774286,-73.6001694,2020
6435,Victoria Hall,45.4812915,-73.6003304,2020
6436,de la Côte St-Antoine / Argyle,45.486241,-73.5957277,2020
5002,St-Charles / Montarville,45.533682,-73.51526070000001,2020
5003,Place Longueuil,45.5284104,-73.5171658,2020
5004,St-Charles / Grant,45.539823999999996,-73.508752,2020
5005,St-Charles / St-Sylvestre,45.5366559,-73.51223279999998,2020
5006,Collège Édouard-Montpetit (de Gentilly / de Normandie),45.537226000000004,-73.4950671,2020
5007,Métro Longueuil - Université de Sherbrooke,45.523318700000004,-73.52012690000002,2020
6929,St-Grégoire / St-André,45.5314746,-73.5924205,2020
6930,Cité des Arts du Cirque (Paul Boutet / des Regrattiers),45.5598424,-73.6154473,2020
6700,de la Salle / Ste-Catherine,45.549963299999995,-73.5344338,2020
6701,Stanley / Sherbrooke,45.5010411,-73.5771775,2020
6702,Métro Assomption (Chauveau / de l'Assomption),45.569789,-73.54808100000002,2020
6703,Jardin Botanique (Pie-IX / Sherbrooke),45.554947,-73.5552947,2020
6704,19e avenue / St-Zotique,45.561594,-73.585643,2020
6705,5e avenue / Bannantyne,45.45636500000001,-73.57614000000002,2020
6706,Beatty / de Verdun,45.45073,-73.5725749,2020
6707,Métro Jolicoeur (de Sève / Drake),45.4560855,-73.58193709999998,2020
6708,de Bleury / de Maisonneuve,45.5070965,-73.5684416,2020
6709,Parc St-Paul (Le Caron / Marc-Sauvalle),45.461765,-73.58421159999997,2020
6710,Chambord / Fleury,45.559828100000004,-73.6583251,2020
6711,Mozart / Waverly,45.5315237,-73.61701240000002,2020
6712,LaSalle / Crawford,45.4379138,-73.5827404,2020
6713,29e avenue / St-Zotique,45.5677657,-73.5796881,2020
6714,LaSalle / 90e avenue,45.41715070000001,-73.6442435,2020
6715,Natatorium (LaSalle / Rolland),45.444547,-73.5750908,2020
6716,Francis / Fleury,45.5638724,-73.6555678,2020
6717,de Kent / Victoria,45.494564000000004,-73.638702,2020
6718,Grand Boulevard / Sherbrooke,45.466569,-73.623295,2020
6719,Park Row O / Sherbrooke,45.4607294,-73.6340725,2020
6720,Ontario / Viau,45.5594818,-73.535496,2020
6721,Métro Cadillac (de Cadillac / Sherbrooke),45.5769632,-73.5468364,2020
6722,de la Pépinière / Pierre-de-Coubertin,45.5762592,-73.5383123,2020
6723,26e avenue / Beaubien,45.5648559,-73.57749270000002,2020
6724,Léa-Roback / Sir-Georges-Etienne-Cartier,45.4716686,-73.58264390000002,2020
6725,Métro Monk (Allard / Beaulieu),45.4510309,-73.5939011,2020
6726,Hamel / Sauvé,45.5607619,-73.6505614,2020
6727,Richardson / de Montmorency,45.4849802,-73.5603333,2020
6728,d'Outremont / Ogilvy,45.5268703,-73.6267233,2020
6729,St-André / Ste-Catherine,45.5164265,-73.55811240000001,2020
6730,35e avenue / Beaubien,45.570081,-73.573047,2020
6733,de Normanville / Villeray,45.5471698,-73.618041,2020
6732,Fortune / Wellington,45.477923,-73.559038,2020
6731,28e avenue / Rosemont,45.564353000000004,-73.571244,2020
6734,St-Gérard / Villeray,45.5426454,-73.6224445,2020
6736,Métro Henri-Bourassa (Henri-Bourassa / Millen),45.556751,-73.66716159999999,2020
6737,Jacques-Casault / Christophe-Colomb,45.552122999999995,-73.630103,2020
6735,Villeray / St-Michel,45.5610593,-73.60396740000002,2020
6738,Union / René-Lévesque,45.5023504,-73.56658279999998,2020
6739,Pierre-de-Coubertin / Langelier,45.5803145,-73.5353136,2020
6741,Canning / Notre-Dame,45.4863186,-73.5702333,2020
6742,St-Patrick / Briand,45.4633973,-73.5964358,2020
6743,St-Marc / Sherbrooke,45.494514,-73.58336800000002,2020
6744,Hamilton / Jolicoeur,45.4567028,-73.59764270000002,2020
6745,Bloomfield / Jean-Talon,45.527460299999994,-73.6241752,2020
6746,Métro Acadie (de l'Acadie / Beaumont),45.5235748,-73.6234429,2020
6747,Waverly / St-Zotique,45.530505299999994,-73.6147083,2020
6748,Young / Wellington,45.4928253,-73.55797829999999,2020
6749,St-Jacques / St-Laurent,45.50642120000001,-73.5564655,2020
6750,de Mentana / Gilford,45.528723600000006,-73.58385890000002,2020
6752,Hutchison / Beaubien,45.52605850000001,-73.6129689,2020
6753,Centre ÉPIC (St-Zotique / 40e avenue),45.574146999999996,-73.5746214,2020
6754,Dubois / Eadie,45.4575968,-73.5905286,2020
7001,Ball / Querbes,45.53117750000001,-73.632136,2020
7002,Tolhurst / Fleury,45.5440792,-73.6673574,2020
7003,Métro Guy-Concordia (Guy / St-Catherine),45.4949815,-73.5777327,2020
7004,Émile-Journault / de Chateaubriand,45.5498332,-73.64063259999998,2020
7005,Marquette / Fleury,45.5673521,-73.65378740000001,2020
7006,Clark / Fleury,45.5476576,-73.66556170000001,2020
7007,Kirkfield / de Chambois,45.512933200000006,-73.6338902,2020
7008,Garnier / Everett,45.5476247,-73.6120248,2020
7009,Place Émilie-Gamelin (St-Hubert / de Maisonneuve),45.515901299999996,-73.55994840000002,2020
7010,Earnscliffe / Queen-Mary,45.4818451,-73.6303738,2020
7011,Panet / Ste-Catherine,45.5198453,-73.55463890000001,2020
7012,St-Hubert / René-Lévesque,45.5143808,-73.5563949,2020
7013,Benny / Sherbrooke,45.464877,-73.6265972,2020
7014,Métro Université de Montréal (Édouard-Montpetit / Louis-Collin),45.503640000000004,-73.618269,2020
7015,Parc des Rapides (LaSalle / 6e avenue),45.4294714,-73.59309920000003,2020
7016,Métro Langelier (Langelier / Sherbrooke),45.5828466,-73.54247640000001,2020
7017,Bennett / Ste-Catherine,45.5530533,-73.5324275,2020
7018,Valois / Ste-Catherine,45.5452297,-73.5372502,2020
7019,Casgrain / St-Viateur,45.5275129,-73.59879079999997,2020
7020,St-Germain / Hochelaga,45.543698799999994,-73.5536733,2020
7021,Dollard / Van Horne,45.519152899999995,-73.6164692,2020
7022,Durocher / Bernard,45.522225299999995,-73.6066872,2020
7023,8e avenue / Jarry,45.5616903,-73.610512,2020
7024,Métro Laurier (Berri / St-Joseph),45.5272311,-73.5867262,2020
7042,Alexandra / Jean-Talon,45.5323306,-73.6201867,2020
7025,St-Dominique / Bernard,45.5279333,-73.60122249999998,2020
7026,Maguire / Henri-Julien,45.52704110000001,-73.59347059999997,2020
7027,Fullum / Marie-Anne,45.5365054,-73.5680392,2020
7028,de Gaspé / St-Viateur,45.52774829999999,-73.59743890000001,2020
7029,Cartier / Masson,45.538020700000004,-73.58352359999998,2020
7030,de Bordeaux / Marie-Anne,45.5334091,-73.5706571,2020
7031,Berri / Rachel,45.5228777,-73.5774806,2020
7032,Drolet / Laurier,45.5262519,-73.58975840000002,2020
7033,Aylmer / Prince-Arthur,45.5085669,-73.5776979,2020
7034,Atwater / Greene,45.4804951,-73.5778266,2020
7035,Fullum / Gilford,45.5392237,-73.5738368,2020
7036,Labadie / du Parc,45.5198947,-73.59682740000002,2020
7037,Hutchison / Sherbrooke,45.5078435,-73.5720961,2020
7038,Guilbault / Clark,45.5141079,-73.57523020000002,2020
7039,du Mont-Royal / Augustin-Frigon,45.5437632,-73.56772009999997,2020
7040,St-Urbain / Beaubien,45.5295474,-73.6107185,2020
7041,Grand Boulevard / de Terrebonne,45.470535,-73.6316572,2020
7043,Ernest-Gendreau / du Mont-Royal,45.54971370000001,-73.5638483,2020
7044,Hôpital Santa Cabrini (St-Zotique / Jeanne-Jugan),45.579325,-73.5705042,2020
7045,Casgrain / Mozart,45.5347273,-73.61479279999998,2020
7046,de Maisonneuve / Mansfield (nord),45.5023861,-73.57333790000001,2020
7047,Ottawa / Peel,45.49392020000001,-73.55950179999998,2020
7048,Métro Angrignon (Lamont /  des Trinitaires),45.4470592,-73.60229509999998,2020
7049,Parc de Dieppe,45.5018635,-73.543961,2020
7050,Ottawa / William,45.4897273,-73.56406290000002,2020
7051,Jogues / Allard,45.4500203,-73.6003062,2020
7052,Shearer / Centre,45.4828251,-73.56206329999998,2020
7053,Ropery / Augustin-Cantin,45.4809141,-73.5684603,2020
7054,de la Côte St-Paul / St-Ambroise,45.4676657,-73.5939178,2020
7055,Rose-de-Lima / Workman,45.48026420000001,-73.5809936,2020
7056,Bibliothèque de Verdun (Brown / Bannantyne),45.448262,-73.5778561,2020
7057,2e avenue / Wellington,45.4578935,-73.5675282,2020
7058,Gordon / Wellington,45.461078,-73.567307,2020
7059,Argyle / de Verdun,45.4530158,-73.571915,2020
7060,de l'Église / de Verdun,45.4630011,-73.571569,2020
7061,de Castelnau / Lajeunesse,45.5403962,-73.6168179,2020
7062,William / Robert-Bourassa,45.4971653,-73.5593301,2020
7063,Drolet / Jarry,45.541954600000004,-73.6299419,2020
7064,Clark / de Liège,45.5399838,-73.63813470000002,2020
7065,de Lanaudière / Bélanger,45.543650899999996,-73.6056505,2020
7066,St-Urbain / de la Gauchetière,45.5070781,-73.56139540000002,2020
7067,City Councillors / du President-Kennedy,45.506251,-73.5713907,2020
7068,des Bassins / Richmond,45.4876991,-73.56489300000001,2020
7069,Jeanne-Mance / René-Lévesque,45.5063713,-73.564201,2020
7070,Bourgeoys / Favard,45.4799304,-73.555921,2020
7071,St-Mathieu / Sherbrooke,45.4957891,-73.58259559999998,2020
7072,Beaudry / Sherbrooke,45.5230349,-73.5653946,2020
7073,Logan / de Champlain,45.5231943,-73.55584259999998,2020
7074,St-André / Robin,45.5181281,-73.56185140000002,2020
7075,CIUSSS (du Trianon / Pierre-de-Coubertin),45.587192,-73.5313922,2020
7076,Tupper / du Fort,45.491229600000004,-73.5807824,2020
7077,Jean Langlois / Fullum,45.5265,-73.54575279999997,2020
7078,Hochelaga / Chapleau,45.5344529,-73.559652,2020
7079,Notre-Dame / Gauvin,45.500105299999994,-73.56019909999998,2020
7080,du President-Kennedy / Union,45.5051022,-73.5718788,2020
7081,de Maisonneuve / Berri,45.5156698,-73.5610092,2020
4000,Jeanne-d'Arc / Ontario,45.5495977,-73.5418743,2020
4001,Graham / Brookfield,45.5202224,-73.6298561,2020
4002,Graham / Wicksteed,45.5169365,-73.64048299999997,2020
7082,Métro Lionel-Groulx,45.4829751,-73.57976049999998,2020
7084,McTavish / Sherbrooke,45.502812799999994,-73.5760242,2020
7083,Parc de Bullion (de Bullion / Prince-Arthur),45.51560429999999,-73.572135,2020
7085,Centre récréatif Édouard-Rivet,45.6283011,-73.50024909999998,2020
7086,Parc de l'Hôtel-de-Ville (Ste-Marie / Ste-Julie),45.62925300000001,-73.4954506,2020
7087,René-Lévesque / 9e avenue,45.6407393,-73.50082579999999,2020
7088,Aréna Rodrigue-Gilbert (du Tricentenaire / de Montigny),45.6514058,-73.5004127,2020
7089,du Tricentenaire / Prince-Albert,45.6495459,-73.4919155,2020
7090,de St-Firmin / Fleury,45.5706566,-73.6518422,2020
7091,Fleury / André-Jobin,45.5760003,-73.6467648,2020
7092,Gare Bois-de-Boulogne,45.5397255,-73.67716490000002,2020
7093,Laforest / Dudemaine,45.5398065,-73.6872661,2020
7094,Alfred Laliberté / de Poutrincourt,45.533080299999995,-73.69459659999998,2020
7095,Chabanel / de l'Esplanade,45.540685499999995,-73.65337640000001,2020
7096,Chabanel / du Parc,45.538307700000004,-73.6548838,2020
7097,Bélanger / des Galeries d'Anjou,45.5972211,-73.5627902,2020
7099,Grey / Sherbrooke,45.476344299999994,-73.6062594,2020
7098,Parc d'Antioche (Place d'Antioche / St-Zotique),45.5953519,-73.5585898,2020
7100,des Jockeys / Décarie,45.4940443,-73.6544949,2020
7101,Métro de la Savane (de Sorel / Bougainville),45.5004509,-73.6614284,2020
7102,Graham / Kindersley,45.51405,-73.6472556,2020
7103,St-Joseph / 8e avenue Lachine,45.4314714,-73.671205,2020
7104,8e avenue / Notre-Dame Lachine,45.4349872,-73.6707987,2020
7105,St-Joseph / 34e avenue Lachine,45.432839799999996,-73.69349150000002,2020
7106,Victoria / 18e avenue Lachine,45.4357935,-73.68019040000001,2020
7107,18e avenue / St-Joseph Lachine,45.43297670000001,-73.68081540000001,2020
7108,Gagne / LaSalle,45.4224514,-73.60119399999998,2020
7109,Cégep André-Laurendeau,45.4356758,-73.6054748,2020
7110,LaSalle / 37e avenue,45.4163102,-73.6129159,2020
7111,Parc Highlands (Highlands / LaSalle),45.426123499999996,-73.6574158,2020
7112,Newman / Senkus,45.4440431,-73.6137521,2020
7113,Casgrain / Maguire,45.5259326,-73.5952529,2020
7114,Smith / Peel,45.492760600000004,-73.5564105,2020
7115,Métro Radisson (Sherbrooke / des Groseilliers),45.589175,-73.5396561,2020
7116,Métro Honoré-Beaugrand (Sherbrooke / Honoré-Beaugrand),45.5967965,-73.5351795,2020
7117,François-Boivin / Bélanger,45.5925962,-73.5661751,2020
7118,Tellier / des Futailles,45.586009999999995,-73.5218382,2020
7119,Notre-Dame / Liébert,45.5928026,-73.51046559999997,2020
7120,Bennett / Pierre-de-Coubertin,45.5581597,-73.5484001,2020
7121,Liébert / Hochelaga,45.5958746,-73.523528,2020
7122,de Belleville / Fleury,45.58116,-73.64124340000002,2020
7123,des Récollets / Martial,45.5908919,-73.6406171,2020
7124,Dollard / Bernard,45.51678270000001,-73.6114226,2020
7125,Rosemont / Viau,45.56833020000001,-73.56666329999999,2020
7126,41e avenue / Rosemont,45.5717898,-73.56431500000002,2020
7127,Jeanne-Mance / Beaubien,45.5276501,-73.6122997,2020
7128,Ste-Croix / Tassé,45.5195395,-73.68516329999999,2020
7129,de l'Eglise / St-Germain,45.5125592,-73.67701070000003,2020
7130,Métro du Collège (Cartier / Décarie),45.508439,-73.6729646,2020
7131,Bibliothèque du Boisé (Thimens / Todd),45.5040086,-73.7044175,2020
7132,Notre-Dame-de-Grâce / Westmount,45.48046710000001,-73.61122309999998,2020
7133,Thimens / Alexis-Nihon,45.5089785,-73.6985636,2020
7134,Sherbrooke / Vignal,45.489829799999995,-73.5896777,2020
7135,Marmier,45.5310066,-73.5987988,2020
7136,Beaudet / Marcel-Laurin,45.50684320000001,-73.6817569,2020
7137,de Lisieux / Jean-Talon,45.5793494,-73.581681,2020
7138,Dumesnil / Bélanger,45.587778,-73.5693535,2020
7139,Glengarry / Graham,45.509190000000004,-73.66032059999998,2020
7140,St-Jacques / des Seigneurs,45.4891857,-73.5719003,2020
7141,Turgeon / Notre-Dame,45.478888500000004,-73.58198940000003,2020
7142,Elgar / de l'Île-des-Sœurs,45.4568232,-73.5468042,2020
7143,LaSalle / Godin,45.4469345,-73.57219930000002,2020
7144,Hickson / Wellington,45.4648925,-73.5669979,2020
7145,Argyle / Bannantyne,45.4533188,-73.5767752,2020
7146,Lusignan / St-Jacques,45.4922591,-73.5694152,2020
7147,Métro de Castelnau (de Castelnau / St-Laurent),45.5357088,-73.6196235,2020
7148,Papineau / Émile-Journault,45.55988370000001,-73.6335683,2020
7149,16e avenue / Jean-Talon,45.5624401,-73.5953334,2020
6437,Melville / de Maisonneuve,45.4818402,-73.59537900000002,2020
7150,du Souvenir / Chomedey,45.5518864,-73.74444009999998,2020
7151,Métro Montmorency (de l'Avenir / Jacques-Tétreault),45.558109,-73.71959749999998,2020
7152,Parc St-Claude (7e avenue / 8e rue),45.56266820000001,-73.6923623,2020
7153,Métro Cartier (des Laurentides / Cartier),45.5600297,-73.6813357,2020
8080,Robin / 15e rue,45.559495500000004,-73.6989176,2020
8081,Legrand / Cartier,45.552535,-73.70749,2020
8056,de Gaspé / Marmier,45.5295385,-73.60134690000002,2020
8052,Cégep Marie-Victorin,45.6174998,-73.6060113,2020
8012,Hôpital Sacré-Coeur (Forbes),45.53186470000001,-73.71355179999998,2020
8015,Parc du Mall (Cholet / Honoré-Beaugrand),45.5998434164405,-73.54470133781433,2020
8017,Parc Van Horne (de la Peltrie / de Westbury),45.4905688,-73.6385947,2020
8011,Parc nature de l'Île-de-la-Visitation (Gouin / Bruchési),45.5782708,-73.6559513,2020
8013,Parc Henri-Julien (Legendre / Henri-Julien),45.5460356,-73.6465985,2020
8045,REV (Souligny / Desmarteau),45.6046208,-73.5159963,2020
8042,des Ormeaux / de Grosbois,45.605901700000004,-73.5343695,2020
8020,Parc MacDonald (Earnscliffe / Dupuis),45.484919,-73.6374146,2020
8068,Place Rodolphe-Rousseau (Gohier / Édouard-Laurin),45.5129939,-73.6824985,2020
8053,Molson / William-Tremblay,45.5415485,-73.5650124,2020
8047,Parc St-Laurent (Salk / Henri-Bourassa),45.6055325,-73.62802420000001,2020
8048,Parc Langelier - Marie-Victorin,45.614429799999996,-73.6122333,2020
8046,Mairie d'arrondissement Montréal-Nord (Hébert / Place de l'Hôtel-de-Ville),45.59394520000001,-73.63844449999998,2020
8071,Gare d'autocars de Montréal (Berri / Ontario),45.51692620000001,-73.5642573,2020
8036,Messier / St-Joseph,45.53946060000001,-73.5760564,2020
8069,Ateliers municipaux de St-Laurent (Cavendish / Poirier),45.506175799999994,-73.71118609999998,2020
8022,Centre des loisirs (Tassé / Grenet),45.5147343,-73.691449,2020
