code,name,latitude,longitude,year
6209,Milton / Clark,45.51252,-73.57061999999998,2014
6436,Côte St-Antoine / Clarke,45.48645209646392,-73.59523415565491,2014
6214,Square St-Louis,45.51735,-73.56906,2014
6248,St-Dominique / Rachel,45.518593,-73.58156600000002,2014
6164,Chambord / Laurier,45.5329550401632,-73.58419418334961,2014
6216,Parc Jeanne Mance (monument George-Étienne Cartier),45.51496,-73.58503,2014
6082,6e avenue / Rosemont,45.550613,-73.582883,2014
6149,Chapleau / du Mont-Royal,45.53867,-73.56936,2014
6265,Parthenais / Laurier,45.539259,-73.577338,2014
6211,Roy / St-Laurent,45.51561,-73.57569000000002,2014
6252,Mozart / St-Laurent,45.53318,-73.61544,2014
6233,Bernard / Jeanne-Mance,45.524295872822634,-73.60484719276428,2014
6064,de Maisonneuve / Stanley,45.50038,-73.57507,2014
6408,Métro George-Vanier (St-Antoine / Canning),45.4891,-73.57656,2014
6068,Mansfield / Sherbrooke,45.50297,-73.57505,2014
6093,Atwater / Sherbrooke,45.49132174886071,-73.58780980110168,2014
6253,Lajeunesse / Jean-Talon,45.53973680304488,-73.61425638198854,2014
6336,Faillon / St-Hubert,45.542794353049906,-73.61810535192491,2014
6223,du Mont-Royal / du Parc,45.517,-73.589,2014
6062,Drummond / Ste-Catherine,45.49863930330429,-73.57422709465027,2014
6434,Victoria / de Maisonneuve,45.47742856483265,-73.60016942024231,2014
6099,Bishop / de Maisonneuve,45.49741095430152,-73.57827052474022,2014
6280,Fairmount / St-Dominique,45.524504989237535,-73.59414249658585,2014
6912,de Châteaubriand / Beaubien,45.53534060000001,-73.60365897,2014
6231,St-Viateur/Parc,45.52223310369562,-73.60208183526994,2014
6206,Prince-Arthur / du Parc,45.51059,-73.57547,2014
6411,Clark / Prince-Arthur,45.513338,-73.57295,2014
6227,de l'Esplanade / Laurier,45.52111622098953,-73.59478354454039,2014
6100,Mackay /de Maisonneuve (Sud),45.49659000000001,-73.57851,2014
6364,Chambly / Rachel,45.549910693591,-73.55826258659361,2014
6380,Parc J.-Arthur-Champagne (Chambly / du Mont-Royal),45.55158400000001,-73.561916,2014
6373,7e avenue / St-Joseph,45.54722664525074,-73.56986984610558,2014
6176,St-André / Duluth,45.52317100000001,-73.573431,2014
6110,Poupart / Ste-Catherine,45.529033,-73.54641,2014
6113,Alexandre-DeSève / de Maisonneuve,45.5219,-73.55534,2014
6059,Metcalfe / Ste-Catherine,45.50068473942228,-73.57215642929076,2014
6198,Hélène-Baillargeon / St-Denis,45.52974,-73.59527,2014
6221,du Mont-Royal / Clark,45.51941,-73.58685,2014
6020,Sanguinet / Ontario,45.51478400000001,-73.565338,2014
6203,Hutchison / Sherbrooke,45.50781,-73.57208,2014
6146,du Parc-La Fontaine / Roy,45.52290738118557,-73.5683637857437,2014
6734,Lajeunesse / Villeray (place Tapéo),45.54211889,-73.62254709999998,2014
6080,Mackay / René-Lévesque,45.49449932378212,-73.57417345046997,2014
6137,Gauthier / Papineau,45.52969260094507,-73.56740087270738,2014
6042,de la Gauchetière / Robert-Bourassa,45.500675,-73.565354,2014
6410,Lajeunesse / Crémazie,45.546407521481676,-73.63842844963074,2014
6917,Basile-Routhier / Chabanel,45.54993323340168,-73.64764451980591,2014
6372,1ère avenue / Masson,45.54519970000001,-73.57645065,2014
6374,Laurier / 15e avenue,45.55340800000001,-73.56953100000001,2014
6060,Mansfield / René-Lévesque,45.50015,-73.56928,2014
6157,de la Roche / du Mont-Royal,45.5287456,-73.57865408,2014
6061,Ste-Catherine / McGill College,45.50176,-73.57128,2014
6148,Émile-Duployé / Sherbrooke,45.52729,-73.56463000000002,2014
6350,Island / Centre,45.481490813888854,-73.56475353240967,2014
6163,Marquette / Laurier,45.53543,-73.5822,2014
6184,Métro Mont-Royal (Rivard / du Mont-Royal),45.524673,-73.58255,2014
6213,Duluth / St-Laurent,45.5171,-73.57921,2014
6067,de Maisonneuve / Robert-Bourassa,45.503475,-73.572103,2014
6169,Boyer / du Mont-Royal,45.52742616970635,-73.57991807162763,2014
6901,Ste-Catherine / St-Denis,45.513830045145404,-73.56043249368669,2014
6128,Hogan / Ontario,45.53529548038031,-73.55116009712218,2014
6124,Poupart / Ontario,45.531834,-73.553478,2014
6041,St-Jacques / Gauvin,45.500674,-73.561082,2014
6049,Queen / Wellington,45.497595054136035,-73.55523705482483,2014
6142,Calixa-Lavallée / Rachel,45.527791,-73.572056,2014
6147,Calixa-Lavallée / Sherbrooke,45.52479,-73.56545,2014
6395,Pierre-de-Coubertin / Aird,45.55896,-73.548687,2014
6152,Chabot / du Mont-Royal,45.53413436610842,-73.57349216938019,2014
6138,Gauthier / De Lorimier,45.531818,-73.56531700000002,2014
6276,Chambord / Bélanger,45.54298303017486,-73.6063814163208,2014
6019,Berri / Sherbrooke,45.5179101,-73.56714338,2014
6012,Métro St-Laurent (de Maisonneuve / St-Laurent),45.51066,-73.56497,2014
6034,St-Urbain / René-Lévesque,45.5079,-73.563112,2014
6057,Peel / avenue des Canadiens de Montréal,45.497697,-73.568646,2014
6085,Notre-Dame / Peel,45.4952,-73.56328,2014
6140,Marquette / Rachel,45.5298015824607,-73.5702896118164,2014
6902,Montcalm / Ontario,45.5210937,-73.56225103,2014
6175,St-André / Cherrier,45.520578,-73.56773299999998,2014
6141,de Bordeaux / Rachel,45.53227,-73.56828,2014
6154,Marquette / du Mont-Royal,45.53229,-73.57544,2014
6268,Chambord / Beaubien,45.53993218312671,-73.59934329986572,2014
6906,de St-Vallier / Rosemont,45.5319173,-73.59798342,2014
6153,Cartier / Marie-Anne,45.532674,-73.571776,2014
6088,Guy / Notre-Dame,45.489951,-73.567091,2014
6165,Brébeuf / Laurier,45.53248,-73.58507,2014
6114,Métro Papineau (Cartier / Ste-Catherine),45.52353,-73.55199,2014
6118,Champlain / Ontario,45.52504753729988,-73.56003552675247,2014
6117,Robin / de la Visitation,45.52087,-73.55922,2014
6201,Villeneuve / de l'Hôtel-de-Ville,45.52352540631033,-73.58750939369202,2014
6235,St-Dominique / St-Viateur,45.52654331973003,-73.59823286533357,2014
6183,Laval / du Mont-Royal,45.52241290921658,-73.58412981033325,2014
6267,de Bordeaux / Beaubien,45.54475,-73.5949,2014
6414,Laporte / Guay,45.48007342327107,-73.58547896146773,2014
6314,de Lanaudière / Marie-Anne,45.529219,-73.574777,2014
6182,de Bullion / du Mont-Royal,45.5215,-73.5851,2014
6273,Cartier / Bélanger,45.546939,-73.602616,2014
6166,Brébeuf / St-Grégoire,45.5341,-73.58851999999997,2014
6109,Quai de la navette fluviale,45.51341276005555,-73.53825330734253,2014
6275,Chambord / Jean-Talon,45.544828,-73.610458,2014
6047,University / Prince-Arthur,45.50766169576538,-73.57885992183583,2014
6180,Place de la paix ( Pl. du marché / St-Dominique ),45.5096853,-73.56231675,2014
6904,Fabre / Beaubien,45.542055,-73.59779300000002,2014
6269,Bercy / Ontario,45.53431097726853,-73.54996919631958,2014
6249,Bélanger / St-Denis,45.53696,-73.61199,2014
6155,Garnier / du Mont-Royal,45.53092,-73.57674,2014
6015,Berri / de Maisonneuve,45.515299,-73.561273,2014
6368,10e avenue / Masson,45.55031640880025,-73.57335805892943,2014
6087,Notre-Dame / de la Montagne,45.49302901258371,-73.56481790542604,2014
6039,McGill / des Récollets,45.500779,-73.558826,2014
6083,Square Phillips,45.504094887726744,-73.56869637966156,2014
6134,Gascon / Rachel,45.537964,-73.56264300000002,2014
6001,Hôtel-de-Ville 2 (du Champs-de-Mars / Gosford),45.50931028555171,-73.55443105101584,2014
6174,Roy / St-Denis,45.51908,-73.5727,2014
6078,de Maisonneuve / de Bleury,45.50708,-73.56917,2014
6048,Queen / Ottawa,45.4979738,-73.55614096,2014
6014,St-Denis / de Maisonneuve,45.513917296074005,-73.56076508760451,2014
6179,Duluth / St-Denis,45.52060423232697,-73.57598394155501,2014
6191,St-Zotique / Clark,45.531401,-73.612674,2014
6194,Tupper / Atwater,45.48885477417901,-73.58359336853026,2014
6003,Evans / Clark,45.511119,-73.56797399999998,2014
6053,Belmont / Beaver Hall,45.502326,-73.565138,2014
6215,St-Cuthbert / St-Urbain,45.51494,-73.57821,2014
6032,Métro Place-d'Armes (Viger / St-Urbain),45.50623,-73.55976,2014
6091,Joseph Manceau / René-Lévesque,45.49172173024755,-73.57688951320596,2014
6202,Ste-Famille / Sherbrooke,45.510016,-73.570654,2014
6322,St-Dominique / Villeray,45.537813,-73.624872,2014
6224,Villeneuve / du Parc,45.51829,-73.59235,2014
6205,Milton / du Parc,45.50971,-73.57354000000002,2014
6424,Président-Kennedy / McGill College,45.503063,-73.573986,2014
6016,Jacques-Le Ber / de la Pointe Nord,45.472503,-73.53928499999998,2014
6173,Berri / Cherrier,45.5191458,-73.56924140000002,2014
6027,de Maisonneuve / Mansfield,45.50229210000001,-73.57325211,2014
6274,de la Roche / St-Joseph,45.531164,-73.58369499999998,2014
6104,Wolfe / René-Lévesque,45.51687264682678,-73.55417490005495,2014
6207,Ste-Famille / des Pins,45.512812949534855,-73.57701659202577,2014
6127,Henri-Julien / de Castelneau,45.537877,-73.618323,2014
6105,Plessis / René-Lévesque,45.519376,-73.55195135,2014
6145,du Parc-La Fontaine / Duluth,45.52456565105688,-73.57207864522934,2014
6181,Clark / Rachel,45.5173538,-73.58212888,2014
6043,Square Victoria,45.50206,-73.56295,2014
6009,Ste-Catherine / St-Hubert,45.51533014906273,-73.55914771556854,2014
6403,Georges-Vanier / Notre-Dame,45.484859137744294,-73.57158511877059,2014
6332,de Gaspé / de Liège,45.542579,-73.636557,2014
6036,de la Commune / St-Sulpice,45.5042453,-73.55354458,2014
6186,St-André / Laurier,45.52955900967215,-73.5876018932322,2014
6413,Square Phillips 2,45.50345009602768,-73.56840401887894,2014
6132,Larivière / de Lorimier,45.52915520624575,-73.559410572052,2014
6432,de Maisonneuve / Greene,45.48697062,-73.58929306,2014
6029,Bel Air / St-Antoine,45.482779,-73.58452544,2014
6262,de la Roche /  de Bellechasse,45.537159225331315,-73.59747648239136,2014
6418,de Vendôme / de Maisonneuve,45.47422369503188,-73.60372066497803,2014
6258,Parc Père-Marquette (Chambord / Rosemont),45.53702583434782,-73.59316617250444,2014
6196,Villeneuve / St-Laurent,45.52129287302808,-73.58936548233031,2014
6916,Parc du Pélican (2e avenue / St-Joseph),45.544513,-73.571564,2014
6035,Viger/Jeanne Mance,45.504803,-73.5612,2014
6040,St-Jacques / St-Pierre,45.5028,-73.55917,2014
6247,St-Dominique / St-Zotique,45.53228145673193,-73.61099146306516,2014
6271,Casgrain / de Bellechasse,45.529993,-73.604214,2014
6747,Waverly / St-Zotique,45.5306,-73.614616,2014
6011,St-André / St-Antoine,45.51408729999999,-73.55230004,2014
6065,de la Montagne / Sherbrooke,45.4996771,-73.57884854,2014
6277,Elsdale/ Louis-Hebert,45.54918032376485,-73.59385818243027,2014
6381,Omer-Lavallée / Midway,45.5457759528664,-73.56217458844183,2014
6219,de l'Hôtel-de-Ville / Roy,45.517333103257826,-73.57443630695344,2014
6133,Terrasse Mercure / Fullum,45.535614,-73.566014,2014
6371,4e avenue / Masson,45.546978,-73.575515,2014
6106,René-Lévesque / Papineau,45.52114,-73.54926,2014
6046,de la Gauchetière / Mansfield,45.49871,-73.56671,2014
6185,des Érables / Bélanger,45.5491255,-73.60091239,2014
6195,de Bullion / St-Joseph,45.5240365462478,-73.59014332294464,2014
6050,de la Commune / McGill,45.49867310000001,-73.55256289,2014
6131,Fullum / Sherbrooke ,45.533924,-73.562425,2014
6335,du Rosaire / St-Hubert,45.54467,-73.621581,2014
6421,Cartier / Rosemont,45.541198,-73.59094300000002,2014
6200,Maguire / St-Laurent,45.52457,-73.59588000000002,2014
6129,de Bordeaux / Sherbrooke,45.53002706078814,-73.5631763935089,2014
6212,Duluth / de l'Esplanade,45.51517174448816,-73.58100235462189,2014
6259,Dandurand / de Lorimier,45.540881,-73.58415699999998,2014
6376,16e avenue / St-Joseph,45.55292309731552,-73.56575198471545,2014
6022,Angus (Molson / William-Tremblay),45.54172920185872,-73.56549382209778,2014
6281,Resther / St-Joseph,45.5277271,-73.58628362,2014
6031,St-Antoine / St-François-Xavier,45.50449,-73.5592,2014
6229,Coloniale / du Mont-Royal,45.521155685854765,-73.58558893203734,2014
6111,Parthenais / Ste-Catherine,45.526206137951355,-73.5492503643036,2014
6121,Rouen / du Havre,45.53486372513362,-73.55545459320638,2014
6349,Ryde / Charlevoix,45.4757434,-73.5646007,2014
6024,des Érables / Sherbrooke,45.531367,-73.562624,2014
6234,Bernard / Clark,45.52697,-73.60261,2014
6344,St-Dominique / Jean-Talon,45.535189,-73.617459,2014
6908,de Bellechasse / de St-Vallier,45.53319493572271,-73.60117256641388,2014
6086,Shannon / Ottawa,45.49457934841001,-73.55875611305238,2014
6103,Lespérance / Rouen,45.538799,-73.55249599999998,2014
6073,de Maisonneuve / Aylmer,45.50501,-73.57069,2014
6075,University / des Pins,45.508356,-73.58049799999998,2014
6013,Sanguinet / de Maisonneuve,45.51339,-73.56255,2014
6119,Dorion / Ontario,45.52697,-73.558021,2014
6037,St-Nicolas / Place d'Youville,45.50197437877896,-73.55515658855437,2014
6913,Drolet / Beaubien,45.533348,-73.605834,2014
6377,Grand Trunk / Hibernia,45.47968,-73.56385,2014
6260,Dandurand / Papineau,45.538589,-73.586302,2014
6096,Lucien L'Allier / St-Jacques,45.49356916133978,-73.56857568025589,2014
6197,Bordeaux / Masson,45.538957755690355,-73.58243197202681,2014
6257,de St-Vallier / St-Zotique,45.536299,-73.607773,2014
6924,de Bordeaux / Jean-Talon,45.54970407823863,-73.60551238059999,2014
6218,Prince-Arthur / St-Urbain,45.5126137,-73.57372552,2014
6327,Faillon / St-Denis,45.53985704,-73.62038255,2014
6108,Logan / Fullum,45.528448693514136,-73.55108499526979,2014
6008,Sanguinet / Ste-Catherine,45.512734,-73.5611406,2014
6329,Gounod / St-Denis,45.54176571696572,-73.62612783908844,2014
6126,Rouen / Fullum,45.53217,-73.55859,2014
5007,Métro Longueuil - Université de Sherbrooke,45.523854,-73.519677,2014
6324,de Liège / Lajeunesse,45.54554155627703,-73.63474845886229,2014
6251,de Gaspé / Dante,45.534377,-73.612278,2014
6066,Mansfield / Ste-Catherine,45.5014018,-73.5718136,2014
6925,des Écores / Jean-Talon,45.55244260913486,-73.60300183296205,2014
6334,Lajeunesse / Jarry,45.543583,-73.6284,2014
6084,Lambert-Closse / Tupper,45.489609,-73.58244499999998,2014
6928,Louis-Colin / McKenna,45.500035,-73.618105,2014
6405,Duvernay / Charlevoix,45.48203995,-73.57486278,2014
6090,Métro Lucien-L'Allier  (Lucien l'Allier / Argyle),45.49486,-73.57108000000002,2014
6396,Métro Pie-IX (Pierre-de-Coubertin / Pie-IX),45.553879,-73.551761,2014
6021,de l'Hôtel-de-Ville / Sherbrooke,45.51453083866944,-73.56847107410431,2014
6122,Logan / d'Iberville,45.53057,-73.54913,2014
6321,Gary-Carter / St-Laurent,45.53612320588314,-73.62244516611098,2014
6362,1ère avenue / Rosemont,45.547997,-73.58523000000002,2014
6433,Hillside / Ste-Catherine,45.4829,-73.59100000000002,2014
6261,Louis Hémon / Rosemont,45.54458,-73.58806899999998,2014
6323,Guizot / St-Laurent,45.53963159810423,-73.63444805145264,2014
6915,Alma / Beaubien,45.53237205692519,-73.60643248568522,2014
5006,Collège Édouard-Montpetit,45.53722603812578,-73.49506705999373,2014
6415,Wilson / Sherbrooke,45.4703,-73.6162,2014
6058,Cypress / Peel,45.49932551028458,-73.57176750898361,2014
6266,Louis-Hébert / Beaubien,45.54816007401565,-73.5920262336731,2014
6063,Drummond / de Maisonneuve,45.49947,-73.57591,2014
6236,Laurier / Bordeaux,45.53725879867612,-73.57917040586472,2014
6246,Métro Outremont (Wiseman / Van Horne),45.520294969655005,-73.61482366919519,2014
6394,Valois / Ontario,45.54730353,-73.54382690000001,2014
6168,Marmier / St-Denis,45.530871318676006,-73.5983455181122,2014
6112,Montcalm / de Maisonneuve,45.519157,-73.55785999999998,2014
6386,Métro Préfontaine (Moreau / Hochelaga),45.5414350841351,-73.55431437492369,2014
6333,Leman / de Chateaubriand,45.547218,-73.631103,2014
6171,Wolfe / Robin,45.5195,-73.56026899999998,2014
6018,St-André / Ontario,45.51889,-73.56353,2014
6264,Chabot / de Bellechasse,45.5427,-73.59212,2014
6092,Crescent / René-Lévesque,45.49606,-73.57348,2014
6435,Victoria Hall,45.4816,-73.6,2014
6270,Fabre / St-Zotique,45.543541,-73.600982,2014
6361,1ère avenue / Beaubien,45.550476,-73.590446,2014
6007,de l'Hôtel-de-Ville / Ste-Catherine,45.511640093571074,-73.56218397617342,2014
6101,Métro Villa Maria (Décarie / Monkland),45.479483,-73.61979000000002,2014
6375,Métro Place St-Henri (St-Ferdinand / St-Jacques),45.477249,-73.587238,2014
6402,Square Sir-Georges-Etienne-Cartier / Ste-Émilie,45.47266800851547,-73.585389778018,2014
6731,28e avenue / Rosemont,45.564353,-73.571244,2014
6002,Ste-Catherine / Dézéry,45.53923029698213,-73.54108236730099,2014
6250,Henri-Julien / Jean-Talon,45.53707,-73.61529,2014
6359,Parc Plage,45.50260226829794,-73.52750301361084,2014
6716,Francis / Fleury,45.563947,-73.655573,2014
6718,Grand Boulevard / Sherbrooke,45.466569,-73.623295,2014
6340,De La Roche / Everett,45.544867,-73.614841,2014
6409,Lionel-Groulx / George-Vanier,45.48627862584162,-73.57359945774078,2014
6367,3e avenue / Dandurand,45.547362,-73.57922099999998,2014
6422,Fleury / Lajeunesse,45.5536,-73.6616,2014
6210,Métro Sauvé (Sauvé / Berri),45.550692068419764,-73.65636706352235,2014
6741,Notre-Dame / Chatham,45.48691857455085,-73.56942862272263,2014
6272,Bordeaux / St-Zotique,45.546405643046654,-73.59842061996459,2014
6025,Notre-Dame / St-Gabriel,45.507143919284104,-73.55511903762817,2014
6167,Marquette / St-Grégoire,45.53703,-73.58584,2014
6398,Desjardins / Ontario,45.551119,-73.540764,2014
6038,McGill / Place d'Youville,45.49975,-73.55566,2014
6407,Métro Lionel-Groulx (Lionel-Groulx / Charlevoix),45.48392802,-73.57731164,2014
6735,François-Perrault / L.-O.-David,45.561396,-73.60154399999998,2014
6360,8e avenue / Beaubien,45.553215,-73.58752,2014
6728,Champagneur / Jean-Talon,45.526904,-73.62433100000001,2014
6278,Louis-Hébert / St-Zotique,45.55001,-73.59576,2014
6393,Dézéry / Ontario,45.54094394520117,-73.54714214801787,2014
6903,Napoléon /  St-Dominique,45.51677700000001,-73.577784,2014
6918,9e avenue / Dandurand,45.550769,-73.57711,2014
6732,Fortune/wellington,45.477923,-73.559038,2014
6313,Palm / St-Remi,45.470303,-73.589848,2014
6724,Square Sir-Georges-Étienne-Cartier / Léa Roback,45.471926,-73.58247,2014
6307,Laval / Rachel,45.520018,-73.579463,2014
6120,Ontario / du Havre,45.5336609,-73.5521968,2014
6316,Parc Jean-Brillant (Swail / Decelles),45.497011,-73.618575,2014
6711,Alexandra / Waverly,45.531938,-73.61784200000002,2014
5002,St-Charles / Châteauguay,45.5332,-73.5156,2014
6397,Marché Maisonneuve,45.55319389744089,-73.53981435298921,2014
6347,Métro St-Michel (Shaughnessy / St-Michel),45.559199,-73.59965799999998,2014
6306,du Mont-Royal / Vincent-d'Indy,45.510086,-73.611429,2014
6369,West Broadway / Sherbrooke,45.45635829051657,-73.64013027457986,2014
6721,Cadillac / Sherbrooke,45.57713595014114,-73.54628920555116,2014
6723,26e avenue / Beaubien,45.564944,-73.577639,2014
6730,35e avenue / Beaubien,45.570081,-73.573047,2014
6076,Ville-Marie / Ste-Catherine,45.55806260336831,-73.52940759679768,2014
6720,Ontario / Viau,45.5594818,-73.535496,2014
6404,Quesnel / Vinet,45.485889,-73.57751400000002,2014
6357,12e avenue / St-Zotique,45.556905,-73.58925,2014
6189,Chabot / Everett,45.55069770329497,-73.60953032970428,2014
6310,de Darlington / de la Côte-Ste-Catherine,45.50540324702016,-73.62116575241089,2014
6919,10e Avenue / Rosemont,45.552649,-73.58118499999998,2014
6750,des Érables / Rachel,45.5334955551535,-73.56693148612977,2014
6927,Édouard-Montpetit / Stirling,45.50723,-73.615085,2014
6710,Georges-Baril / Fleury,45.558457,-73.65884,2014
6708,de la Gauchetière / de Bleury,45.504561,-73.56279,2014
6709,Le Caron / Marc-Sauvalle ,45.461685,-73.584039,2014
6746,Métro Acadie (de l'Acadie / Beaumont),45.52341265422832,-73.62352609634401,2014
6301,Parc Outremont (Bloomfield / Elmwood),45.51821500000001,-73.603251,2014
6279,Louis-Hébert / Bélanger,45.55158237169131,-73.5991555452347,2014
6033,16e avenue / Beaubien,45.558481405952165,-73.58330368995668,2014
6719,Park Row O / Sherbrooke,45.46072936353252,-73.63407254219054,2014
6355,Ontario / Sicard,45.5566,-73.5373,2014
6733,Rousselot / Villeray,45.548931,-73.616837,2014
6315,Lacombe / de la Côte-des-Neiges,45.496850543297604,-73.62331956624985,2014
6737,Jacques-Cassault / Christophe-Colomb,45.552123,-73.630103,2014
6305,Davaar / de la Côte-Ste-Catherine,45.514379,-73.610871,2014
6303,Dunlop / Van Horne,45.514905,-73.619682,2014
6736,Basile-Routhier / Gouin,45.55670791513632,-73.67063373327254,2014
6366,Wilderton  / Van Horne,45.510042,-73.624835,2014
6345,Louis-Hémon / Villeray,45.554931,-73.610711,2014
6703,Jardin Botanique (Pie-IX / Sherbrooke),45.555205239939916,-73.55582308082374,2014
6302,Stuart / de la Côte-Ste-Catherine,45.515384125158135,-73.60640823841095,2014
5004,St-Charles / Charlotte,45.539824,-73.508752,2014
6419,Beaucourt / de la Côte-Ste-Catherine,45.491513,-73.633649,2014
5005,St-Charles / St-Sylvestre,45.536408,-73.512776,2014
6304,Rockland / Lajoie,45.515617,-73.614991,2014
6343,Marquette / Villeray,45.550737147405385,-73.61522197723389,2014
6700,de la Salle / Ste-Catherine,45.550056,-73.534576,2014
6427,Rushbrooke /  Caisse,45.47069642604657,-73.56542240828277,2014
6245,Bloomfield / Van Horne,45.5225858,-73.61265779,2014
6356,Monkland / Girouard,45.4771,-73.6212,2014
6098,Bishop / Ste-Catherine,45.49642,-73.57616,2014
6125,Ellendale / Côte-des-Neiges,45.499757,-73.62929799999998,2014
6426,Willibrord / Verdun,45.459707,-73.571438,2014
6379,Bannantyne / de l'Église,45.463257,-73.575621,2014
6354,Marcil / Sherbrooke,45.471743,-73.613924,2014
6312,de Kent / de la Côte-des-Neiges,45.501302,-73.633161,2014
6115,Benny / Monkland,45.466965,-73.631664,2014
6425,Ross / de l'Église,45.462742,-73.565845,2014
6423,Hôpital général juif,45.496302,-73.62982199999998,2014
6363,Côte St-Antoine / Royal,45.4688,-73.6198,2014
6713,30e avenue / St-Zotique,45.56822507,-73.57943594,2014
6726,Hamel / Sauvé,45.560742,-73.65041,2014
6416,Notre-Dame-de-Grâce / Décarie,45.477313,-73.61532700000002,2014
6725,Métro Monk (Allard / Beaulieu),45.45085122,-73.5940272,2014
6706,Beatty / Verdun,45.450837,-73.572446,2014
6420,Trans Island / Queen-Mary,45.484489,-73.628834,2014
6331,Guizot / St-Denis,45.543376,-73.632267,2014
6241,Querbes / Laurier,45.517459023340024,-73.59792709350586,2014
6401,des Seigneurs / Notre-Dame,45.487692701413145,-73.56903970241545,2014
6004,Hôtel-de-Ville (du Champs-de-Mars / Gosford),45.509228519662216,-73.55446994304656,2014
6717,de Kent / Victoria,45.494805,-73.638772,2014
6704,19e avenue / St-Zotique,45.561594,-73.585643,2014
6006,18e avenue / Rosemont,45.55789545752947,-73.5765291005373,2014
6341,Regina / Verdun,45.467369,-73.570769,2014
6052,De la Commune / King,45.4980302,-73.55266482,2014
6330,de Gaspé / Jarry,45.540627,-73.630089,2014
6089,St-Jacques / Guy,45.49141473103976,-73.56995498790639,2014
6727,de Montmorency / Richardson,45.48489566038642,-73.56011867523193,2014
5003,Place Longueuil,45.5294,-73.5178,2014
6738,Union / René-Lévesque,45.50233,-73.566497,2014
6130,Sherbrooke / Frontenac,45.5367,-73.56081,2014
6406,Marché Atwater,45.480208228000144,-73.57759863138199,2014
6391,Aylwin / Ontario,45.544136,-73.545609,2014
6023,de la Commune / Berri,45.51086,-73.54983,2014
6346,Nicolet / Ste-Catherine,45.54459352523215,-73.53779464960098,2014
6026,de la Commune / Place Jacques-Cartier,45.5076289,-73.55187625,2014
6081,St-Alexandre / Ste-Catherine,45.50537693,-73.56761949999998,2014
6429,Place du Commerce,45.46714,-73.54259,2014
6017,Square Ahmerst / Wolfe,45.52106924,-73.5637571,2014
6159,Ann / William,45.49589439175492,-73.5600972175598,2014
6388,d'Orléans / Hochelaga,45.550668,-73.549502,2014
6161,Cartier / St-Joseph,45.53576,-73.57866999999997,2014
6739,de Repentigny / Sherbrooke,45.58077,-73.54476600000002,2014
6070,Milton / Université,45.5064484,-73.57634872,2014
6097,Towers / Ste-Catherine,45.492504,-73.581088,2014
6204,Milton / Durocher,45.5081439,-73.57477158,2014
6139,des Érables / Gauthier,45.53240768,-73.56477629999998,2014
6160,Garnier / St-Joseph,45.53297745535149,-73.58122229576111,2014
6370,d'Orléans / Masson,45.557192,-73.569847,2014
6177,St-Hubert / Rachel,45.5235066,-73.57641309,2014
6158,Gilford / Brébeuf,45.53073,-73.58153,2014
6156,Marie-Anne / de la Roche,45.52773841379083,-73.5762494802475,2014
6151,des Érables / du Mont-Royal,45.53565,-73.57172,2014
6170,de Mentana / Laurier,45.530046,-73.58677,2014
6328,Drolet / Villeray,45.54015386355122,-73.62353146076201,2014
6232,Hutchison / Van Horne,45.52502122921278,-73.61073732376099,2014
6199,Clark / St-Viateur,45.52517156097331,-73.59937548637392,2014
6095,Chomedey / de Maisonneuve,45.4917542,-73.58397156,2014
6162,Fullum / St-Joseph,45.5398326,-73.57555881,2014
6217,Vallières / St-Dominique,45.519396014642325,-73.58322681808205,2014
6079,Hutchison/ Prince-Arthur,45.509864,-73.576105,2014
6102,Lincoln / du Fort,45.493034,-73.583836,2014
6220,Laval / Duluth,45.519236909647724,-73.57721507549286,2014
6187,Resther / du Mont-Royal,45.525643224264485,-73.58174800872803,2014
6228,Waverly / Van Horne,45.527363,-73.607723,2014
6225,Villeneuve / St-Urbain,45.520188,-73.590559,2014
6702,Chauveau / de l'Assomption,45.569789,-73.54808100000002,2014
6230,Waverly / St-Viateur,45.52402527115221,-73.6004215478897,2014
6384,Darling / Sherbrooke,45.545425,-73.556527,2014
6150,Messier / du Mont-Royal,45.53711414,-73.5710031,2014
6123,Alexandre-de-Sève / la Fontaine,45.523217,-73.558187,2014
6255,Boyer / St-Zotique,45.53848,-73.60556,2014
6116,Plessis / Ontario,45.523584,-73.560941,2014
6143,Rachel / Brébeuf,45.52689,-73.57264,2014
6254,Boyer / Bélanger,45.54006,-73.60897,2014
6243,Bloomfield / Bernard,45.52068774,-73.60842790000002,2014
6188,Mentana / Marie-Anne,45.525983,-73.57780799999998,2014
6905,Parc Rosemont (Dandurand / d'Iberville),45.544377,-73.581018,2014
6387,Métro Joliette  (Joliette / Hochelaga),45.547179,-73.551739,2014
6910,Boyer / Beaubien,45.537041,-73.602026,2014
6389,Boyer / Jean-Talon,45.541484,-73.612441,2014
6338,Boyer / Jarry,45.547283,-73.625377,2014
6237,de Lanaudière / Gilford,45.532013,-73.580541,2014
6907,Boyer / Rosemont,45.534136,-73.595478,2014
6358,1ère  avenue /St-Zotique,45.55197049422306,-73.59377503395079,2014
6190,Pontiac / Gilford,45.52671243835641,-73.58483791351318,2014
6044,Roy / St-Christophe,45.521460729664796,-73.5706141591072,2014
6929,St-André / St-Grégoire,45.53133,-73.59155,2014
10002,Métro Charlevoix (Centre / Charlevoix),45.47822787309145,-73.56965124607086,2014
6701,Marseille / Viau,45.5639212,-73.5489124,2014
6309,5e avenue / Verdun,45.456049,-73.571877,2014
6412,Complexe sportif Claude-Robillard (Émile-Journault),45.553262,-73.638615,2014
6339,Harvard / Monkland,45.4743,-73.6237,2014
6749,St-Jacques / St-Laurent,45.506445,-73.556352,2014
6722,Bossuet / Pierre-de-Coubertin,45.57373304521766,-73.5394462198019,2014
6222,Jeanne Mance / du Mont-Royal,45.5176432,-73.58892829999998,2014
6385,Bordeaux /Gilford,45.536178,-73.57641,2014
6503,Métro Parc  (Ogilvy / Hutchison),45.530351301735976,-73.62439244985579,2014
6107,St-Mathieu /Ste-Catherine,45.493718,-73.57918599999998,2014
6383,Bourbonnière / du Mont-Royal,45.553570739671144,-73.56049418449402,2014
6192,Berri / St-Grégoire,45.529802,-73.591766,2014
6417,Desjardins / Hochelaga,45.55325,-73.54822,2014
6263,Hampton / Monkland,45.47116159517746,-73.62720608711244,2014
6501,Métro Jean-Drapeau,45.5120135,-73.53254691,2014
6921,Augustin-Cantin / Shearer,45.48401829,-73.56343659999997,2014
6502,Casino de Montréal,45.5063732,-73.52457672,2014
6193,de l'Esplanade / Fairmount,45.521495,-73.596758,2014
6428,Berlioz / Boul de l'Ile des Soeurs,45.459593,-73.544377,2014
6923,Marquette / Jean-Talon,45.54739744800976,-73.60766351222992,2014
6208,Hutchison / des Pins,45.51069,-73.57805,2014
6504,La Ronde,45.521769,-73.534859,2014
6926,Marie-Anne / St-Hubert,45.524634000000006,-73.578755,2014
6707,Drake / de Sève,45.45635147672042,-73.58229249715805,2014
6714,LaSalle / Sénécal,45.43443353453235,-73.58669400215148,2014
6072,Metcalfe / de Maisonneuve,45.50171494932854,-73.57413053512573,2014
6094,de Gaspé / Fairmount,45.525669,-73.593016,2014
6712,LaSalle / Crawford,45.43791380065228,-73.58274042606355,2014
6745,d'Outremont / Ogilvy,45.526856,-73.626672,2014
6005,Metcalfe / Square Dorchester,45.50023354666628,-73.57112646102904,2014
6240,Hudson / de Kent,45.505973,-73.629593,2014
6715,Natatorium (LaSalle / Rolland),45.444433,-73.575788,2014
6705,5e avenue / Bannantyne,45.45636500000001,-73.57614000000002,2014
6729,St-André / de Maisonneuve,45.517062,-73.559781,2014
6744,Hamilton / Jolicoeur,45.456355,-73.597557,2014
6742,Briand / Carron,45.462362,-73.59665,2014
6136,Métro Laurier (Rivard / Laurier),45.52761627,-73.5891147,2014
6743,St-Marc / Sherbrooke,45.494514,-73.58336800000002,2014
6051,de Gaspé / Marmier,45.529686,-73.60172800000002,2014
6178,Rivard / Rachel,45.5222776,-73.5775906,2014
6226,Hôpital Maisonneuve-Rosemont (Rosemont / Chatelain),45.575707,-73.561562,2014
